hour_of_day,weekday,motion_hall,motion_living,temperature,light_level,tv_on,minutes_idle,scenario
2,5,0,0,16.584006357503803,0.0,0,276,away
20,0,0,1,22.06392020158364,16.73502963062567,1,14,movie
12,0,1,1,22.66667516125737,76.66030697561216,0,12,day
19,3,0,1,21.5205586995855,21.51380120522909,1,9,movie
6,4,0,0,16.926055054581894,0.0,0,372,away
8,0,1,0,21.585836088918448,85.88719869707062,0,10,day
8,3,1,1,22.006366305797997,90.5849260180473,0,10,day
17,2,1,1,22.569587653545298,87.28972292720891,0,29,day
11,0,1,1,22.59035567269482,83.43254171203442,0,4,day
19,4,0,1,22.11608066153336,18.466743236562913,1,14,movie
21,2,1,1,21.933789534744445,62.312955189519876,0,20,day
15,3,0,1,21.816673291053995,73.24857748773316,0,21,day
5,0,0,0,16.653667553722702,0.0,0,356,away
11,5,0,0,22.551733398815568,83.11226579792854,0,17,day
19,2,0,1,22.428987940628577,17.23478270047354,1,20,movie
20,0,1,1,22.071212868035282,20.76194141627107,1,4,movie
3,3,0,0,17.063415876430685,0.0,0,479,away
15,2,0,1,21.982167692060955,72.18262106001671,0,12,day
18,5,1,1,22.006247059363844,19.922986635623637,1,10,movie
16,3,1,1,22.15216907345616,59.1266556604197,0,13,day
23,0,0,1,19.601101268959408,9.799548453446873,0,67,night
16,3,0,0,22.642509341080252,66.66382319990123,0,8,day
17,1,1,0,22.704184882474436,58.726795768076514,0,22,day
7,5,1,1,21.076971072805772,88.43277704628322,0,6,day
11,5,1,0,23.16106733479255,73.60644372526976,0,19,day
2,5,0,0,17.087998673588707,0.0,0,270,away
4,3,0,0,17.33404449836583,0.0,0,358,away
3,4,0,0,16.52449477827086,0.0,0,157,away
19,1,1,1,22.2175754734072,58.22221842320981,0,3,day
23,2,0,0,20.335250627157752,12.993461783383573,0,66,night
16,3,0,0,20.920772231561212,78.67711462343836,0,29,day
7,3,1,1,21.72960455679181,94.39588138472587,0,5,day
0,6,0,0,16.936546065184526,0.0,0,229,away
13,2,1,1,22.368412060170854,93.67929913579883,0,3,day
22,5,0,1,21.40752811679149,14.139532951070512,1,2,movie
13,3,0,0,21.658243693147785,85.31573012874244,0,11,day
15,2,1,1,21.807127382742365,80.4607220148208,0,16,day
1,2,0,0,16.48882497027215,0.0,0,277,away
3,6,0,0,17.631636502564174,0.0,0,425,away
21,1,1,1,22.109691250681927,16.35629107666505,1,18,movie
9,2,1,0,22.309940662333144,63.755309682795,0,29,day
5,0,0,0,17.68946628831332,0.0,0,164,away
21,1,0,1,21.446477158978254,14.421091924176695,1,20,movie
18,2,1,1,22.168787274399467,23.629927445254868,1,20,movie
6,0,0,0,17.257575517310745,0.0,0,469,away
2,2,0,0,16.662707891882853,0.0,0,302,away
18,4,0,1,22.457951271178008,12.694429129041744,1,17,movie
3,3,0,0,17.195405674979707,0.0,0,164,away
1,2,0,0,16.868930762255214,0.0,0,167,away
11,3,0,1,21.782434432997576,73.761411831195,0,20,day
14,3,1,1,22.254293868976724,78.28228330138906,0,0,day
23,1,0,0,19.88504665538033,6.073115996325994,0,78,night
15,5,1,1,21.762549697353833,69.45853559932203,0,14,day
5,2,0,0,16.575034235256176,0.0,0,311,away
22,6,1,1,22.46193036539632,59.24589956597954,0,25,day
20,1,1,1,21.45160721077268,25.347654113285255,1,9,movie
23,0,0,1,19.852700417284787,9.68311110188102,0,35,night
19,2,0,1,22.217383037233308,16.495375715079604,1,6,movie
13,1,1,1,22.040167505994628,78.32169889626256,0,25,day
1,3,0,0,17.405086327127933,0.0,0,333,away
19,2,0,1,22.000042196545706,15.11376786582861,1,11,movie
1,3,0,0,18.125633545305913,0.0,0,185,away
5,1,0,0,17.629341960990097,0.0,0,462,away
9,1,1,0,21.53255311680995,87.91142953088865,0,1,day
2,0,0,0,17.192057361356646,0.0,0,368,away
2,5,0,0,17.181768135285743,0.0,0,424,away
5,6,0,0,16.81139007702002,0.0,0,329,away
18,4,1,1,21.976281256051234,71.77193578394525,0,16,day
20,3,0,1,22.14799699484355,16.51234167471484,1,9,movie
11,1,1,1,22.718296808218913,72.71474776877106,0,12,day
10,2,1,1,22.980026756819374,81.82655241987707,0,26,day
11,5,1,0,22.46339589524298,84.2798817679706,0,10,day
13,3,1,1,22.79375036075691,64.21696376885134,0,18,day
16,3,1,0,22.650521393238755,94.20646157646802,0,26,day
13,0,0,1,21.49679568444311,70.81720157633725,0,12,day
14,3,0,0,22.219669255725755,63.83439850618872,0,24,day
1,0,0,0,17.124803788620497,0.0,0,166,away
13,0,1,0,22.243220143939546,80.13890285372693,0,17,day
12,3,1,0,22.55454379367601,60.184056005460576,0,22,day
2,3,0,0,17.338633594337363,0.0,0,357,away
22,5,1,0,22.017200446349346,62.162745914253804,0,20,day
8,3,1,1,21.991696932176747,93.99894548146176,0,3,day
13,3,1,0,21.75384706271246,67.77749982709679,0,11,day
18,4,0,1,22.428396991283265,21.367280267560247,1,10,movie
10,0,0,0,20.997886624760092,92.04254361517141,0,1,day
16,3,1,0,21.449011671536315,59.987220628811464,0,0,day
7,3,1,1,22.062093921406387,89.65764507597132,0,5,day
2,2,0,0,17.02174143415615,0.0,0,479,away
16,1,0,1,22.282944859235208,83.60133085375854,0,21,day
21,6,1,1,22.098388048328477,21.282113901669675,1,0,movie
0,6,0,0,17.208466902292844,0.0,0,448,away
0,0,0,0,17.33180761680963,0.0,0,121,away
19,4,1,0,21.56086777992241,65.99547119782193,0,25,day
22,0,0,1,21.515272416596435,70.82868711655517,0,20,day
13,4,0,1,21.31167809246099,67.11866146266348,0,0,day
6,0,0,0,17.688307932466394,0.0,0,376,away
17,4,1,0,22.484818253077922,74.68913349312274,0,14,day
17,2,1,1,21.558148553226186,69.45716723312445,0,5,day
13,5,1,0,22.417153112357305,89.20661655528167,0,16,day
7,2,1,1,21.634255913951375,94.68755466746427,0,6,day
3,1,0,0,16.94754498791866,0.0,0,369,away
9,6,1,1,22.296114355990245,86.76240157466385,0,14,day
14,2,1,0,22.38834492687453,67.66631194050595,0,26,day
5,6,0,0,16.553046354804156,0.0,0,332,away
22,0,0,1,22.552996684953648,14.151635534633492,1,7,movie
13,4,1,0,22.571502670185236,72.60741516115985,0,21,day
8,3,1,1,21.803169531181133,100.0,0,10,day
12,5,0,0,22.165930083364383,74.29592418835796,0,22,day
6,5,0,0,17.17212054358302,0.0,0,307,away
20,2,1,1,22.542643502222955,19.46612562894892,1,10,movie
1,1,0,0,17.18158623172348,0.0,0,296,away
4,5,0,0,16.26743756631395,0.0,0,233,away
21,0,0,1,22.347592490985843,54.244158133721676,0,17,day
2,3,0,0,16.782601796826945,0.0,0,251,away
1,6,0,0,17.173953708585458,0.0,0,273,away
7,5,1,1,21.651338318651185,88.59686483809443,0,7,day
8,0,1,1,21.972322613118028,92.00995610864798,0,7,day
3,2,0,0,17.651574779049596,0.0,0,421,away
22,3,0,1,22.601910696033276,56.45971430486253,0,8,day
1,5,0,0,17.103291529329077,0.0,0,392,away
11,3,1,1,21.930861475182986,80.52333950643138,0,19,day
5,1,0,0,16.784491472952904,0.0,0,225,away
23,4,0,0,19.685373689958332,5.627063697531796,0,104,night
20,5,0,0,22.00169412030997,51.931711664455136,0,16,day
17,3,1,0,22.533920065650758,78.9641800080866,0,21,day
20,2,1,0,21.27776410619946,52.88962149415265,0,13,day
0,2,0,0,17.133718051399086,0.0,0,347,away
15,2,1,1,22.104211015546788,69.47083855335288,0,5,day
16,3,1,0,22.159211846409356,78.62035812074382,0,5,day
16,3,0,0,22.948769991035658,73.47482665697035,0,19,day
15,6,0,0,22.023732647908723,65.27866978573141,0,2,day
2,3,0,0,16.52935411222828,0.0,0,384,away
15,3,1,0,21.466575412476057,78.49036122306941,0,25,day
17,6,1,1,21.4313584758925,71.76393393539162,0,23,day
23,3,0,0,20.096663887928337,5.450075880715744,0,40,night
9,0,1,0,21.818030830138657,81.41131610804531,0,24,day
10,5,1,1,22.52282066395695,65.656919483256,0,28,day
16,5,0,0,21.430419209843688,83.138201364824,0,22,day
9,0,1,0,21.935608547058155,76.32107673970934,0,29,day
12,1,1,1,21.953017006670272,89.62642639803342,0,20,day
6,1,0,0,16.034887867628203,0.0,0,309,away
8,5,1,1,20.831580979689907,86.13709614282433,0,9,day
2,1,0,0,16.924030463591098,0.0,0,432,away
4,4,0,0,17.209802950114433,0.0,0,150,away
10,5,0,0,22.303176199462236,72.62674837931493,0,16,day
3,0,0,0,16.307731357797113,0.0,0,327,away
1,2,0,0,16.843814420214876,0.0,0,199,away
11,2,1,1,22.552355500081674,79.19400263791229,0,4,day
7,3,1,1,22.4062594184158,86.0572497742804,0,9,day
23,6,0,0,19.863063624534448,8.836824460629758,0,94,night
9,1,1,0,21.88636878229819,50.35255658179433,0,6,day
14,4,1,1,22.7014847377886,79.49350622560429,0,20,day
8,6,1,1,22.010094299362468,90.3262188475721,0,6,day
18,4,0,1,21.73933854068136,16.25837010822415,1,9,movie
11,1,1,1,21.92469570411042,71.75226272206909,0,24,day
12,6,1,0,21.703976971849862,68.17583666038554,0,13,day
1,1,0,0,16.614544622252478,0.0,0,475,away
10,1,1,1,21.581511767837306,75.43045458786472,0,15,day
18,0,1,1,21.7892319421346,65.17987752567579,0,3,day
0,2,0,0,16.585968754383742,0.0,0,160,away
3,0,0,0,16.915723994254737,0.0,0,219,away
11,0,1,0,21.5866318310116,75.03821063076668,0,10,day
5,2,0,0,16.08770486185123,0.0,0,450,away
11,6,1,1,22.660390344276735,64.59839080873769,0,21,day
11,3,0,1,22.529243291318476,74.12329009071547,0,0,day
22,0,1,1,21.190064002804114,9.010925778636578,1,0,movie
11,1,1,0,21.08409875607262,76.99034821007201,0,8,day
20,3,0,1,21.55343468920757,18.04580516668262,1,13,movie
5,6,0,0,16.593972837708474,0.0,0,469,away
14,6,1,0,22.713011594578365,82.39626409497902,0,30,day
2,4,0,0,17.49986610681751,0.0,0,306,away
9,4,1,1,21.12983332217149,76.83621077410557,0,9,day
16,1,0,0,23.237397204531423,89.59220600295612,0,3,day
21,1,1,1,21.453264314769008,19.58796521799536,1,12,movie
19,3,1,1,22.79878058332232,67.15370662810727,0,10,day
3,4,0,0,17.01768495124168,0.0,0,443,away
9,3,1,1,21.752341046008492,63.496844610768534,0,4,day
7,2,1,0,21.738657681252437,93.97420831539954,0,7,day
3,1,0,0,17.410334737154095,0.0,0,422,away
6,4,0,0,16.566520469056776,0.0,0,340,away
12,2,1,0,22.85998779020525,74.67771343468829,0,22,day
23,1,0,0,19.919166701844237,7.844211783844688,0,59,night
8,3,1,1,21.485966958137315,89.86871700582064,0,7,day
9,1,1,0,21.911255325680752,90.37776939916462,0,21,day
22,6,1,1,20.969077423378742,60.232879572613356,0,16,day
9,2,0,0,22.437560324658495,91.61438201803574,0,16,day
10,0,0,0,21.66339237235348,72.7373799497696,0,0,day
4,3,0,0,16.86562430998394,0.0,0,388,away
5,6,0,0,17.01423059079385,0.0,0,410,away
17,6,1,1,24.10731220762052,84.51285574844789,0,27,day
9,2,1,0,21.906149890259275,85.08601359892111,0,10,day
9,2,1,1,22.45497953846169,56.630330672945846,0,12,day
0,6,0,0,16.60719223206788,0.0,0,191,away
2,3,0,0,17.03359240132578,0.0,0,392,away
8,1,1,1,21.128912416814547,85.55833750736464,0,0,day
11,3,1,1,22.634569606473736,76.63002368334699,0,8,day
16,3,1,1,22.067419609328187,74.96579886425367,0,9,day
21,5,0,0,21.353338071056307,62.31133333734965,0,23,day
22,2,1,1,21.14800356869481,14.667853108815954,1,8,movie
13,3,1,1,22.829603766326045,69.23982694318632,0,5,day
12,5,1,1,22.433815023192,77.02553183726266,0,0,day
18,0,1,0,21.261491777514884,60.5593566479586,0,5,day
4,5,0,0,16.6992976608746,0.0,0,354,away
9,0,1,0,22.89450465481268,90.3630175656329,0,13,day
12,3,1,1,22.00925607082292,67.32994743676574,0,2,day
21,0,0,1,21.91514010178981,19.655169268760854,1,16,movie
19,3,1,1,22.22416203298658,22.661230142188707,1,17,movie
22,1,1,1,21.956061628792188,21.761157859534357,1,3,movie
9,0,0,1,22.49446002539629,88.00306258259322,0,30,day
9,3,1,0,22.42973144183103,45.0,0,16,day
8,3,1,1,22.038764668633398,81.02542731916041,0,6,day
1,6,0,0,16.80638794737093,0.0,0,243,away
15,4,0,0,23.170124639099164,77.3102711619342,0,16,day
10,2,1,0,22.046500757195506,68.57807906002563,0,19,day
9,3,1,1,22.136290841626455,78.23122018406166,0,4,day
22,4,1,1,21.191578953701562,63.55050167506484,0,8,day
14,6,1,1,22.641349855457022,79.74386451706263,0,18,day
0,6,0,0,17.132416061998477,0.0,0,282,away
17,5,0,0,21.910325904765212,84.70555609419726,0,11,day
22,5,1,1,22.28341143589212,60.96942359439569,0,9,day
17,6,1,0,21.762427838175803,71.85526934164142,0,14,day
10,1,1,0,21.975095122261433,83.56248163629806,0,3,day
7,0,1,1,22.521152395593123,84.9955315374585,0,10,day
20,5,1,1,21.731584016179703,64.95761572385983,0,6,day
6,4,0,0,17.126419148257714,0.0,0,387,away
4,6,0,0,16.156818663289023,0.0,0,315,away
18,6,1,1,22.422766137394838,69.50107514176896,0,13,day
9,3,1,1,22.19916440913399,85.86136316960767,0,21,day
8,3,1,0,22.13870068434615,82.27124909721508,0,9,day
13,4,1,1,21.68447638885466,70.62337423096977,0,15,day
22,6,0,0,21.797965707780573,60.87718203659207,0,2,day
11,4,1,0,22.446703150809576,77.18347913388205,0,14,day
11,4,1,1,21.926117313465166,87.32234572179247,0,17,day
4,2,0,0,16.571214979083912,0.0,0,122,away
10,5,0,1,22.081868580777652,64.85383036932073,0,3,day
9,3,1,1,22.991407918644835,100.0,0,30,day
21,6,1,1,22.116297225863075,60.495331869439674,0,12,day
21,1,0,1,22.326622441640612,16.893199639657148,1,13,movie
12,3,1,0,22.30821836581584,69.43945063359033,0,0,day
23,0,0,1,20.19782266212914,10.94732702268818,0,69,night
7,2,1,1,22.10704958855631,91.5900822824493,0,4,day
16,5,0,0,21.723240326924966,89.03565067808087,0,10,day
9,2,0,0,21.50865069523394,73.59562802929658,0,8,day
3,3,0,0,17.45347219150268,0.0,0,437,away
7,1,1,1,21.305686425282698,90.70190366826287,0,2,day
0,0,0,0,16.90566825513006,0.0,0,277,away
2,0,0,0,16.891937948265163,0.0,0,389,away
19,2,0,1,21.552896324010263,16.947706302174588,1,3,movie
10,5,1,1,22.97306654959095,76.61704634050368,0,10,day
18,1,1,1,20.89922712778066,55.65463335155109,0,13,day
15,5,1,1,21.969452452271657,86.19043693241763,0,1,day
19,0,1,1,22.2489084195,60.88490498062942,0,10,day
4,6,0,0,17.58918142887583,0.0,0,465,away
20,3,0,1,21.872695915116985,11.97069740890781,1,4,movie
0,3,0,0,16.65566332859057,0.0,0,258,away
19,2,1,1,21.425398001405853,10.367478347098933,1,14,movie
14,1,1,0,21.239876490573913,68.38025541689743,0,4,day
9,5,1,1,22.712811438081335,67.9978830339815,0,8,day
20,0,1,1,21.841901147709407,19.46145496825507,1,16,movie
4,5,0,0,17.61271155624042,0.0,0,441,away
19,3,1,1,22.88024230039151,50.17600095342002,0,7,day
16,0,1,1,21.90828352158057,80.20226709474586,0,6,day
1,0,0,0,16.739774551837762,0.0,0,185,away
7,2,1,1,22.94081643863803,89.78506642711334,0,3,day
22,4,0,1,21.643223009314823,7.3931666603231925,1,15,movie
2,0,0,0,16.100086488819358,0.0,0,161,away
9,0,0,0,22.974338257392702,80.10982576900875,0,4,day
23,3,0,0,20.29148569362974,7.846705415532615,0,19,night
2,4,0,0,17.226475103429934,0.0,0,453,away
4,5,0,0,16.52634866724069,0.0,0,473,away
12,3,0,1,22.396205921273587,68.07474169542085,0,14,day
3,4,0,0,17.24727628586612,0.0,0,235,away
23,0,0,0,19.599483426897383,12.367172419076045,0,85,night
9,3,1,0,21.11538188413504,74.28435489783652,0,13,day
18,2,0,1,21.601544505351654,19.207882970077083,1,7,movie
13,2,1,1,23.243788825158607,71.1776752129708,0,9,day
12,5,1,1,21.93170540560203,75.50441162448418,0,16,day
6,3,0,0,17.264832613832702,0.0,0,418,away
4,4,0,0,17.237421877962227,0.0,0,478,away
1,4,0,0,16.850022124060345,0.0,0,461,away
2,6,0,0,16.750559724296714,0.0,0,473,away
0,4,0,0,17.64802812365442,0.0,0,133,away
21,3,0,1,20.914692295102295,9.943589620538841,1,4,movie
11,3,0,1,22.18605977348978,96.03509410401342,0,0,day
20,3,1,1,21.802713574065304,9.48320844319993,1,4,movie
12,1,0,0,21.505521220659947,66.34648805191236,0,29,day
23,6,0,0,18.981532746070855,10.228540876714128,0,68,night
11,1,0,0,22.93974116046162,48.22005719271428,0,17,day
3,2,0,0,16.527999688613097,0.0,0,438,away
19,1,1,1,22.91811291986501,17.18823222529852,1,17,movie
22,3,0,1,21.619745575964316,15.756983343649019,1,2,movie
9,5,1,1,22.375760294098374,60.111024358212745,0,19,day
10,0,1,1,21.555140391709372,84.7654360408152,0,6,day
9,1,0,1,22.594732806259906,100.0,0,25,day
21,4,0,1,22.219495514694447,15.893138432215167,1,7,movie
23,3,0,1,19.70708584743917,10.831860604559196,0,116,night
12,6,1,0,21.424870639060984,79.52627203917173,0,0,day
20,6,0,1,21.794830013327445,16.984149287808876,1,3,movie
19,3,0,1,22.431000025206068,16.481253899429756,1,10,movie
6,1,0,0,17.531452426739776,0.0,0,468,away
16,6,0,0,22.69747264263963,80.04855087635708,0,11,day
22,4,1,1,22.04561570842369,71.78889113802477,0,3,day
10,4,1,1,22.101209383473627,58.47901427273029,0,6,day
9,0,1,0,21.650505913622137,69.28087976320323,0,2,day
20,4,1,1,21.064390941969506,25.44927024557952,1,17,movie
5,2,0,0,17.23021860399996,0.0,0,306,away
20,6,1,1,21.89796524247578,16.033377540138062,1,3,movie
4,1,0,0,17.102362740041688,0.0,0,325,away
6,3,0,0,16.996482124205773,0.0,0,407,away
4,3,0,0,17.89189273656382,0.0,0,409,away
15,6,0,1,21.68870471642064,98.29273610555973,0,12,day
10,4,1,0,22.074354703776233,79.90530596319518,0,29,day
14,2,1,0,22.694656237430987,85.21150746394792,0,23,day
17,6,0,1,21.67908394161553,59.64536751542142,0,5,day
12,3,1,1,20.426628705392957,63.52682530305831,0,15,day
11,6,1,0,23.06322328941554,74.55972339945323,0,13,day
14,0,0,1,22.016060627227766,70.06779815129642,0,22,day
1,5,0,0,16.957910346299652,0.0,0,416,away
17,5,1,0,23.57975345582239,76.90742563752173,0,9,day
8,3,1,1,21.437694474241137,82.87744466447553,0,7,day
14,2,0,0,21.42816399894978,62.39741633710673,0,16,day
5,4,0,0,17.043794143778836,0.0,0,389,away
9,1,1,0,22.08554372379927,74.37201003367393,0,17,day
2,0,0,0,16.843728958960323,0.0,0,465,away
6,1,0,0,17.17999133653862,0.0,0,238,away
12,1,0,0,21.714308208664338,84.780585789082,0,27,day
18,3,1,1,21.691853455903946,17.909258898697413,1,14,movie
13,5,1,1,22.393678478455946,64.49914505847636,0,21,day
2,5,0,0,16.52740837282847,0.0,0,278,away
19,1,1,1,21.894133098727803,19.994877764278893,1,5,movie
17,1,0,1,22.2794079038416,76.67913169169336,0,0,day
10,4,1,1,22.326174774651687,68.85123438102491,0,9,day
8,3,1,1,20.832734632143442,80.39191649893601,0,5,day
14,3,0,0,22.84732742341784,87.98519836516694,0,27,day
17,0,1,1,22.533216137105146,79.09391570156944,0,23,day
13,4,1,1,22.649533756320512,59.126523055866485,0,25,day
18,6,0,1,22.01847769435962,59.16033475199862,0,21,day
14,4,1,0,22.530715037221015,79.95509106362508,0,29,day
5,1,0,0,16.710262992236718,0.0,0,347,away
22,5,0,1,22.285766629880957,66.47297048792196,0,10,day
23,1,0,0,20.055969724815647,7.36684978508885,0,120,night
19,2,0,1,22.081029779531438,20.918862695134834,1,4,movie
23,3,0,0,19.912025681893464,9.683017371073605,0,76,night
9,5,1,1,22.817268551847306,53.85812628956997,0,25,day
21,0,0,1,22.275101248013222,15.18772367640879,1,2,movie
9,2,1,1,21.609003043365334,71.44472154996569,0,23,day
10,3,0,0,21.762253683518612,79.77970997994699,0,5,day
9,4,0,1,21.55944373857307,75.45065133797083,0,12,day
23,0,0,0,19.431294540262172,8.37528911668826,0,57,night
11,1,0,0,21.96971944457535,78.88219063090324,0,8,day
14,1,1,1,21.7931570829039,81.32129373881438,0,28,day
5,2,0,0,17.12960500967599,0.0,0,425,away
6,0,0,0,17.2309610310077,0.0,0,403,away
15,3,1,0,22.879231373048505,52.55702106211322,0,24,day
1,1,0,0,17.150024860756936,0.0,0,429,away
20,3,0,1,22.041534294004993,68.67612128743973,0,7,day
2,5,0,0,17.389527628686924,0.0,0,140,away
21,1,0,0,21.669569341117544,65.1871520899097,0,13,day
23,1,0,0,19.95233246506883,11.339076294587768,0,105,night
9,5,0,1,22.521778181508534,72.14370018476839,0,24,day
6,3,0,0,16.37312916376582,0.0,0,241,away
19,3,0,0,21.349932223137845,59.178703271674934,0,24,day
15,3,0,1,22.334380457024068,76.01999356415087,0,3,day
6,3,0,0,16.964271838919707,0.0,0,404,away
14,6,0,1,22.06354835241367,59.84949109415212,0,7,day
14,2,0,1,21.299598358330897,65.74589872222096,0,20,day
7,3,1,1,21.480248304556262,91.84128195597255,0,9,day
20,5,0,1,21.73259433089072,11.709886999990236,1,0,movie
12,6,0,0,21.450564017593166,80.10212015679551,0,12,day
18,5,1,1,21.436023488247166,16.026394638469284,1,5,movie
2,4,0,0,16.069851450050287,0.0,0,455,away
12,0,1,0,22.81495301587524,74.36046499973004,0,14,day
20,5,0,1,21.94341579513555,13.949264594447353,1,3,movie
21,4,1,1,21.33080879433808,22.189261144295035,1,19,movie
4,0,0,0,16.734919436657893,0.0,0,142,away
23,0,0,1,19.623787913799514,7.9414553866002136,0,22,night
2,5,0,0,17.01500929293584,0.0,0,267,away
21,2,0,1,21.741744628919584,21.658496215947387,1,13,movie
4,3,0,0,16.92417779538429,0.0,0,271,away
19,5,1,1,22.253291577095126,12.752787336891155,1,5,movie
22,4,1,0,21.654126290134933,67.14284653058364,0,11,day
16,4,1,0,22.859514933328686,82.28796293610303,0,28,day
6,4,0,0,17.907057681559703,0.0,0,175,away
14,6,1,0,21.821950493846597,65.42845125861726,0,4,day
18,3,1,1,22.421063479568815,14.328985850329943,1,17,movie
17,5,0,0,22.24321058515023,63.04658815533965,0,7,day
12,3,1,0,21.39191847073226,78.1066687772462,0,19,day
14,6,1,0,20.738174602051608,66.1658402134097,0,22,day
8,3,1,1,22.354584905746066,78.44792198655126,0,6,day
4,2,0,0,16.336665773767102,0.0,0,198,away
14,0,1,0,21.08870288675928,72.74301889926271,0,6,day
13,6,0,1,22.176176230591814,80.42454604969711,0,4,day
9,4,1,0,21.04745044446289,80.77035127226458,0,29,day
12,1,0,0,21.015699678084623,78.73803845323519,0,23,day
8,1,1,1,21.568936462413777,91.98612204543959,0,0,day
23,0,0,0,19.15692424495424,10.538472416074256,0,70,night
7,1,1,1,21.360178786316247,92.04276636200655,0,10,day
10,1,0,0,22.648363230686073,76.57410071438157,0,30,day
0,2,0,0,17.16584651401068,0.0,0,149,away
13,1,1,1,23.086967361429636,66.99307816287323,0,15,day
10,2,1,1,21.301576097943276,62.89703250234561,0,1,day
5,0,0,0,16.552677673117383,0.0,0,394,away
4,0,0,0,17.264551275956684,0.0,0,160,away
4,1,0,0,16.88026483689931,0.0,0,356,away
16,0,1,0,22.09880894795973,86.43743397720495,0,3,day
3,3,0,0,17.262247224468553,0.0,0,338,away
16,3,1,0,22.37393128555104,77.57232843436194,0,16,day
4,4,0,0,16.851688732215177,0.0,0,446,away
16,1,1,0,21.83028435600558,64.05634519275542,0,29,day
22,6,0,1,22.712664471735152,11.495662045493933,1,10,movie
17,0,1,0,22.26086845839003,55.9210694919533,0,16,day
15,1,0,0,22.525714934686558,86.24512675426689,0,18,day
20,3,1,1,21.609203032859195,47.591844701215564,0,4,day
9,0,0,0,22.842782723357768,82.02936943755222,0,5,day
12,0,0,0,22.21942206043622,77.4732233048647,0,22,day
23,1,0,0,20.203928283110447,10.103717543062583,0,111,night
1,5,0,0,17.47612228140405,0.0,0,458,away
14,3,1,1,21.320288410518273,65.0626293828333,0,12,day
16,5,0,1,22.166938740574626,64.07604669557567,0,28,day
23,0,0,0,20.292971123905136,5.561677732247906,0,92,night
17,3,0,0,21.389940529124146,92.04229104685014,0,20,day
9,1,1,0,21.435228958790695,76.94826859730375,0,26,day
2,4,0,0,16.127853516504725,0.0,0,315,away
3,3,0,0,16.69913565277299,0.0,0,151,away
20,2,0,1,22.028205783584784,18.981484035981328,1,10,movie
8,0,1,1,21.287735543543498,93.44837706110792,0,9,day
19,6,1,0,21.579754964072286,57.8328509834325,0,7,day
3,1,0,0,17.194037547398846,0.0,0,368,away
13,2,1,1,22.677926418311998,73.64165756185818,0,8,day
6,2,0,0,17.67863467318834,0.0,0,131,away
7,2,1,1,20.853414419380947,89.30363894937175,0,4,day
5,2,0,0,17.068250031415918,0.0,0,284,away
18,5,0,1,21.607011696034323,16.84049753810052,1,13,movie
12,5,1,1,22.434435015653335,81.4532326196706,0,10,day
7,0,1,1,21.843933818540364,90.35206562419454,0,8,day
18,3,0,1,21.56706114443978,63.472078587600855,0,16,day
12,1,1,0,22.143483254789498,64.8906890478428,0,3,day
20,3,0,1,22.329398684183097,17.959215537499816,1,6,movie
17,6,1,0,21.803819930386805,81.81850439307078,0,0,day
22,5,1,1,21.233262840632896,48.225501189406515,0,13,day
3,1,0,0,15.959244673979324,0.0,0,431,away
9,2,0,1,22.59569052855114,72.03086158762208,0,16,day
9,2,1,0,22.79793293069904,66.06302122893517,0,11,day
6,3,0,0,17.264014996716135,0.0,0,248,away
7,5,1,1,21.110425374325708,82.03398934902928,0,0,day
13,1,0,1,22.660120375997437,63.752952223494596,0,6,day
13,0,1,0,22.23227125876939,81.83108135657743,0,28,day
22,1,0,0,22.761179970997823,62.18290014420619,0,15,day
2,3,0,0,16.876391053921502,0.0,0,402,away
4,3,0,0,16.987065152521915,0.0,0,341,away
1,6,0,0,16.921598280861993,0.0,0,213,away
0,6,0,0,16.208900375053148,0.0,0,159,away
8,1,1,1,21.513177028173445,80.28321977974726,0,10,day
9,2,1,1,22.44435833624128,79.87058729395744,0,11,day
5,1,0,0,17.063379220199895,0.0,0,336,away
23,2,0,0,19.81280947467028,7.741311031330991,0,113,night
0,5,0,0,17.078041589257154,0.0,0,384,away
20,3,0,1,22.39234435806584,21.483291081466554,1,18,movie
1,6,0,0,16.2767423812517,0.0,0,454,away
23,3,0,1,19.714472201112514,10.543748584739657,0,96,night
16,5,0,0,21.571627712169715,68.01846642245167,0,23,day
6,6,0,0,17.198537213736294,0.0,0,269,away
15,3,1,1,22.044474444410948,76.62698303236714,0,5,day
6,6,0,0,17.309015923033105,0.0,0,442,away
18,2,0,1,22.033835629031355,17.887928860417023,1,1,movie
3,5,0,0,16.790490888583506,0.0,0,247,away
13,2,0,1,23.6027070715033,72.21960708268523,0,15,day
23,4,0,1,20.099573564158664,10.69260812461546,0,103,night
5,5,0,0,17.503645939733893,0.0,0,234,away
6,1,0,0,18.081594042911753,0.0,0,455,away
8,3,1,1,21.452868118875966,82.34392051281196,0,1,day
19,0,1,1,22.365746203970467,14.61302362846392,1,1,movie
9,6,0,1,22.399519387858582,67.90546270902672,0,10,day
17,3,1,1,22.98069500919122,82.33421541027349,0,13,day
18,6,1,1,21.145386948044923,15.046493676491568,1,7,movie
7,2,1,1,21.65017346797232,80.70037770826357,0,3,day
13,6,1,0,22.50463707098295,82.03006853426676,0,3,day
15,0,1,1,21.59857455254027,58.59497010972184,0,10,day
9,6,1,1,23.40655566744031,81.48982874076911,0,14,day
7,5,1,1,21.81840274954848,89.03804283791335,0,0,day
4,1,0,0,16.927877190860187,0.0,0,230,away
15,2,1,0,22.09388448385632,76.90800023610048,0,12,day
6,4,0,0,17.43234248198035,0.0,0,228,away
12,0,0,1,21.939479740044668,83.90393476966172,0,28,day
12,6,1,1,21.680150316804337,76.13898209332511,0,21,day
18,0,0,1,21.51582217022604,60.687947845981,0,13,day
14,5,0,1,22.290552916083897,81.79281971320933,0,4,day
20,5,1,1,21.356546279731813,24.331317787093333,1,13,movie
7,1,1,1,21.780450539391722,87.45884551973568,0,0,day
4,1,0,0,17.491750287060043,0.0,0,225,away
3,4,0,0,16.44253100625353,0.0,0,197,away
7,4,1,1,21.008916491936542,83.53225986136862,0,3,day
21,0,0,0,22.237572329947447,40.94986127902463,0,22,day
10,0,1,1,22.850751834878306,81.50924380893541,0,10,day
14,6,1,1,22.083012068328127,80.7761072975677,0,4,day
6,1,0,0,16.914290022978214,0.0,0,183,away
19,3,1,1,22.215637365060786,67.26714637813843,0,7,day
6,2,0,0,16.48876465491528,0.0,0,475,away
2,1,0,0,16.78138488278865,0.0,0,271,away
11,5,1,0,22.36617520513162,80.58559136212169,0,17,day
2,4,0,0,17.2789953247684,0.0,0,420,away
8,3,1,1,22.023330757639453,94.8488846086193,0,6,day
12,5,1,0,22.756645439730722,100.0,0,21,day
20,0,1,1,21.5549896251182,6.949297977305028,1,1,movie
11,3,1,0,23.361228710117466,76.13375812715863,0,27,day
23,2,0,0,20.111696621573426,11.737569263807126,0,30,night
2,6,0,0,17.198448283235514,0.0,0,451,away
16,5,1,1,22.037761834742735,80.19464892853249,0,8,day
10,2,1,1,20.769966778225584,81.16702818648466,0,24,day
20,1,0,1,21.548944430909476,11.789970106799782,1,12,movie
10,1,1,1,22.250796768439656,100.0,0,8,day
1,2,0,0,17.337574756621343,0.0,0,390,away
20,4,1,1,22.30586785499825,52.24159683907941,0,25,day
6,2,0,0,17.600811700737253,0.0,0,188,away
9,3,1,0,22.17765044846872,77.97556282527503,0,12,day
19,1,1,1,22.604632284212688,24.28534326432947,1,5,movie
12,4,0,1,22.488200577528826,100.0,0,10,day
2,2,0,0,16.844884817780283,0.0,0,205,away
3,0,0,0,17.315563153353295,0.0,0,395,away
2,0,0,0,16.95408882039923,0.0,0,191,away
20,0,0,1,21.550489073448034,60.341048195501976,0,6,day
18,0,1,1,22.242018956558688,55.08732179724505,0,21,day
1,4,0,0,17.267422137302695,0.0,0,268,away
10,4,0,1,21.204067271148187,79.08799276848166,0,23,day
8,3,1,1,21.579044991460155,86.90021466143644,0,9,day
13,5,1,0,22.368703899386087,69.02442793403692,0,18,day
19,4,0,1,21.17625185047628,19.16293271146729,1,17,movie
12,6,1,1,23.145406555302394,58.97221388106691,0,27,day
0,5,0,0,17.44398785724228,0.0,0,257,away
14,6,1,1,20.803740121832814,57.38806315494444,0,18,day
8,3,1,1,21.58213495591663,88.60562075041092,0,4,day
4,1,0,0,16.769260610740673,0.0,0,254,away
9,3,1,1,22.816548642332293,65.81684467638742,0,26,day
9,5,0,1,21.194412752258156,66.16898072341725,0,23,day
4,2,0,0,17.398215731265072,0.0,0,468,away
22,6,0,1,22.36984625420646,21.277372388238987,1,18,movie
16,3,1,0,22.661379522944248,84.19104168912139,0,22,day
6,5,0,0,17.216452335287215,0.0,0,139,away
15,6,1,0,22.797563210893355,69.95401383820459,0,27,day
2,1,0,0,16.496234773317546,0.0,0,154,away
7,5,1,1,21.2055599232012,83.78347024107278,0,10,day
5,2,0,0,17.52900173260925,0.0,0,178,away
19,2,0,1,22.063873234975972,64.67335258681832,0,24,day
19,1,0,1,21.75996568655956,74.53221596912084,0,16,day
21,4,1,1,21.842838915997625,60.856840240075776,0,0,day
10,3,1,0,22.198649853297503,84.15316072171633,0,10,day
10,1,1,1,22.85439596165288,98.1064087739324,0,3,day
15,5,1,0,22.531846072215146,78.4891359867503,0,29,day
6,3,0,0,17.19378137569937,0.0,0,414,away
14,4,0,0,22.743155640896372,72.92872926914215,0,21,day
11,0,1,0,22.682928339517428,77.2374001441139,0,20,day
13,4,0,0,21.173116104161725,73.84755543423846,0,23,day
19,6,0,1,21.89310156907502,10.798085233063277,1,7,movie
1,5,0,0,16.97199485647488,0.0,0,190,away
14,3,1,1,22.88895385470959,81.42195285724256,0,26,day
18,4,1,1,21.467328583949083,47.024598985358324,0,23,day
8,2,1,0,22.040120576255884,90.44637021770824,0,9,day
16,3,0,1,22.01286521264676,96.20639698775832,0,14,day
19,1,1,0,21.683186257422904,43.31977362656097,0,8,day
18,0,1,1,22.717503088994466,23.96049736918629,1,5,movie
21,6,0,1,22.466784351437813,52.46769918216159,0,3,day
10,4,1,1,23.563795095587633,82.39936165800792,0,17,day
14,3,0,0,22.428762834048584,67.84173352015567,0,7,day
11,4,0,1,22.780799282732318,75.13040024393979,0,6,day
23,4,0,0,20.397740187249727,9.165436403726378,0,50,night
17,6,1,0,23.4951954064229,80.69824923204966,0,24,day
5,5,0,0,16.356725675515385,0.0,0,144,away
10,6,1,0,22.82297395739029,70.56217195647277,0,28,day
7,5,1,1,21.902353343010265,95.07372747154989,0,2,day
11,3,0,1,21.401473648431907,59.31965400110903,0,24,day
7,4,1,1,21.60388699353986,76.859137588359,0,3,day
13,1,1,0,23.1944256721395,69.15443975820199,0,15,day
15,5,0,1,21.868785162593053,74.44866868819406,0,24,day
17,2,1,1,22.254094096600543,66.13759889483403,0,7,day
9,2,0,0,22.92445501698672,72.70790601640992,0,29,day
9,6,1,0,22.14725610757847,66.3060142226138,0,26,day
13,4,1,0,23.184212456338987,70.8636373928509,0,17,day
15,5,1,1,22.297508447804187,88.86590131287232,0,30,day
23,1,0,0,19.765632715819365,9.536325561910632,0,59,night
13,3,0,1,21.779949582212467,72.52617166401468,0,15,day
6,5,0,0,16.8309756068805,0.0,0,231,away
3,1,0,0,16.89144940282731,0.0,0,262,away
21,0,0,1,22.71798906240089,16.142478431218205,1,12,movie
11,5,1,0,22.505195725810857,58.265854611903194,0,5,day
7,5,1,1,21.68920191500095,93.973808836707,0,5,day
18,1,0,1,21.880114493553204,23.14736905058201,1,4,movie
0,5,0,0,16.488201281634442,0.0,0,159,away
1,3,0,0,16.853713285741517,0.0,0,438,away
21,6,0,1,22.09661488849241,53.104141157493004,0,15,day
2,4,0,0,17.33415079756089,0.0,0,233,away
14,6,1,0,22.440185944985803,47.38481629899327,0,8,day
3,2,0,0,16.979748754777205,0.0,0,408,away
3,0,0,0,16.97009243137411,0.0,0,337,away
8,4,1,1,21.857466955790507,88.97151620371041,0,7,day
11,0,1,0,22.973957819170945,58.65388503062805,0,23,day
16,1,1,0,22.09826957057973,94.41255614426905,0,21,day
17,0,0,0,23.23645097197686,71.37660294478712,0,16,day
15,5,1,0,23.674946163441934,89.92070920974255,0,10,day
14,0,1,1,21.134179416692266,86.1951091766463,0,17,day
17,5,1,1,22.649859332194872,79.91496037348107,0,5,day
10,0,1,1,22.847405783541667,64.02411710965843,0,3,day
22,5,1,0,21.091520299917526,55.731843794536964,0,7,day
1,3,0,0,16.78319843858961,0.0,0,419,away
19,3,0,1,22.384947990637382,21.870901547117896,1,15,movie
18,4,0,1,23.217370377207498,64.44729625039554,0,4,day
18,2,1,1,21.66946545209643,20.004341730489863,1,9,movie
21,1,0,1,22.00540104242801,17.774235612451573,1,5,movie
10,2,1,0,21.728522238370335,70.83702403138491,0,25,day
22,3,1,1,21.771239400545102,64.58689976138356,0,13,day
2,2,0,0,17.387921794956696,0.0,0,269,away
20,2,0,1,22.054351076406704,24.904529498678038,1,18,movie
10,0,1,1,21.819401403884672,72.35571581935758,0,0,day
3,2,0,0,16.786481624136318,0.0,0,313,away
0,0,0,0,16.41501704605834,0.0,0,178,away
7,3,1,1,22.221587155011335,78.75559302241551,0,4,day
0,3,0,0,16.587519172624166,0.0,0,459,away
16,0,1,0,23.354697622207542,59.356436066697995,0,16,day
23,5,0,0,20.388199192345493,7.008619546316386,0,24,night
13,2,1,0,22.338403381428375,87.96339485370247,0,14,day
9,4,0,1,22.639088036592533,69.35413327741404,0,20,day
14,4,1,0,22.671719561191747,85.75984050294052,0,10,day
3,5,0,0,17.54738775750605,0.0,0,208,away
21,0,0,1,21.963082598215486,57.28315979514745,0,15,day
1,1,0,0,17.253147329422916,0.0,0,332,away
9,4,1,0,21.445570515011177,81.10138715613441,0,28,day
13,5,1,1,21.79349307258494,65.26384270862434,0,27,day
21,1,0,1,21.338902016956276,15.851224823946328,1,20,movie
4,4,0,0,17.12223207676099,0.0,0,222,away
3,2,0,0,17.30095349308507,0.0,0,127,away
22,4,0,1,22.070828348695514,16.411222760331704,1,18,movie
19,3,1,1,21.95299241295742,15.347304997452941,1,13,movie
23,6,0,0,20.031447067812714,7.27439996085346,0,25,night
8,2,1,1,21.096749686493883,94.12733373531479,0,2,day
11,1,1,0,22.212022374519787,64.00882873854769,0,20,day
4,4,0,0,16.806004110295312,0.0,0,198,away
17,4,1,1,23.366758675356138,91.7592028854539,0,27,day
4,0,0,0,16.592095925847413,0.0,0,299,away
1,6,0,0,17.08971575976677,0.0,0,318,away
4,4,0,0,16.742217694046914,0.0,0,455,away
19,0,0,1,21.32478929097231,16.75344226420112,1,6,movie
3,1,0,0,17.347870302677798,0.0,0,391,away
2,4,0,0,16.697912232233193,0.0,0,419,away
11,1,0,1,21.959247036408104,68.49275381734887,0,16,day
2,2,0,0,17.009779488767915,0.0,0,148,away
6,2,0,0,16.94715951487475,0.0,0,296,away
18,3,0,1,22.584635054535084,13.321295995902325,1,14,movie
13,2,1,1,20.69034288253634,54.718304580141876,0,3,day
13,1,1,1,23.370566089612016,63.30910385140188,0,9,day
15,2,0,1,22.216996047049765,60.00050665915655,0,4,day
23,0,0,0,19.987010270433018,11.056107130798367,0,89,night
13,4,1,0,22.271474357619766,79.17998694414048,0,12,day
17,1,1,0,21.833940680365732,98.99664069614839,0,30,day
4,6,0,0,17.618092860678622,0.0,0,417,away
15,0,1,1,23.053375058872867,78.10534670789247,0,24,day
20,1,0,1,22.32036455510146,24.509605357858742,1,3,movie
21,2,0,1,21.394973575155483,27.324098686232283,1,7,movie
1,3,0,0,16.866351706647876,0.0,0,311,away
23,0,0,0,19.380866866904036,8.46927978337149,0,101,night
15,2,1,0,22.037762066517985,83.39631204986563,0,6,day
2,1,0,0,16.83153880693714,0.0,0,358,away
19,5,1,1,21.684519201433936,22.228757080965465,1,16,movie
22,2,0,0,22.650617931913605,63.2154262646305,0,22,day
6,0,0,0,16.931836137106007,0.0,0,343,away
6,1,0,0,17.294293344112067,0.0,0,181,away
5,1,0,0,16.663620344531818,0.0,0,374,away
18,2,1,1,22.445791809688735,63.89454837719427,0,16,day
6,2,0,0,16.961646558973612,0.0,0,255,away
17,4,1,0,21.666117606390955,71.07752911234614,0,20,day
19,1,1,1,22.261421880374517,21.555932721618593,1,16,movie
10,0,1,0,22.154537114124103,71.48824642760586,0,5,day
17,6,1,0,21.796891356143277,72.84210513844994,0,8,day
17,3,0,1,22.025960535637648,76.04132882654866,0,23,day
0,2,0,0,17.174101582868424,0.0,0,288,away
23,0,0,0,20.08310023904565,5.857804514858765,0,21,night
1,4,0,0,17.50704942432156,0.0,0,226,away
4,2,0,0,16.309858295196918,0.0,0,120,away
7,2,1,1,21.566791746996284,81.34718215037176,0,0,day
1,5,0,0,16.811671336889784,0.0,0,140,away
11,2,0,0,22.292447995289322,85.69409790748205,0,2,day
14,0,1,1,23.295725608144078,64.66228974580272,0,21,day
7,6,1,1,22.8066232273973,91.54792437311491,0,5,day
16,2,0,1,22.157570644965322,76.44658280963466,0,1,day
14,6,1,1,21.71221558521589,78.35119943151665,0,30,day
1,6,0,0,17.31181176830858,0.0,0,382,away
3,1,0,0,17.29952555439299,0.0,0,224,away
4,4,0,0,16.67034771146421,0.0,0,129,away
11,4,1,1,22.612591490705405,81.46111830892447,0,17,day
3,3,0,0,16.98292676150901,0.0,0,456,away
7,6,1,0,21.984852962819566,92.01050611171605,0,9,day
10,0,1,1,21.525042386938708,88.65774925166555,0,0,day
4,4,0,0,17.214973541690934,0.0,0,472,away
14,4,0,1,22.063482350782067,78.55193351756016,0,4,day
1,2,0,0,17.148930224024124,0.0,0,314,away
19,0,1,0,21.44550115274314,63.347992596403074,0,19,day
7,4,1,1,21.411762795925817,100.0,0,1,day
12,2,1,1,22.52800021956989,81.54796521725314,0,3,day
5,2,0,0,16.742055877345067,0.0,0,357,away
21,6,1,1,22.432104744429004,65.5088936078311,0,14,day
6,5,0,0,17.015725226409717,0.0,0,228,away
11,0,1,1,22.5762657600895,79.80023299048614,0,30,day
6,5,0,0,16.400784089843583,0.0,0,412,away
7,1,1,1,21.11602886130907,82.1134037951907,0,6,day
7,0,1,1,21.118974584573674,79.4676894031592,0,5,day
4,6,0,0,16.527762264098605,0.0,0,395,away
7,0,1,0,21.149110131293245,86.76132544953677,0,7,day
17,3,0,1,22.01627875261707,87.04495025205568,0,21,day
22,0,1,1,22.410441410501235,55.61323569707985,0,21,day
15,0,1,1,22.81018622894271,80.66328772170417,0,19,day
14,5,1,1,22.801100381729643,90.26984767226469,0,11,day
18,6,1,1,21.70401059613501,14.341694886690595,1,10,movie
10,1,0,0,22.56935117271677,61.472424532378525,0,6,day
0,3,0,0,16.56988464791145,0.0,0,336,away
2,6,0,0,16.8061076953804,0.0,0,311,away
13,5,1,1,21.509043879955225,87.13659706741299,0,19,day
2,0,0,0,17.103816706228617,0.0,0,237,away
0,6,0,0,17.134782670424077,0.0,0,276,away
3,5,0,0,16.460053035081714,0.0,0,192,away
20,6,1,1,22.38306484050205,57.037035122711146,0,10,day
16,0,1,1,21.674061105490082,72.62570245893825,0,17,day
21,5,1,1,21.754768919653145,19.580571276126904,1,6,movie
4,0,0,0,16.984428319806064,0.0,0,282,away
16,5,1,0,22.093513507743847,72.22807125210929,0,24,day
12,0,1,1,20.934029611872017,68.33684650384295,0,17,day
13,6,1,0,22.98270821826933,68.59484179498881,0,14,day
6,4,0,0,16.456449101630795,0.0,0,165,away
7,4,1,1,21.691428193461842,89.66406507832129,0,3,day
8,3,1,0,21.508503058167967,91.72223436358814,0,0,day
3,2,0,0,16.823447075053622,0.0,0,303,away
14,0,0,1,22.76365225307891,85.75989949815842,0,4,day
20,3,1,1,21.495517011205873,16.224393454324975,1,19,movie
22,6,1,1,22.06911171273715,22.349818480593857,1,5,movie
23,4,0,0,20.454109892661275,10.547782361819731,0,18,night
17,0,1,0,22.667297830272616,85.10101494939771,0,13,day
12,3,0,0,22.04324136537525,76.18991186640108,0,28,day
21,3,0,1,22.028102826544576,16.874520032377195,1,11,movie
1,3,0,0,16.568417125180545,0.0,0,228,away
10,4,0,1,23.212531823691982,83.8212823909474,0,15,day
8,1,1,1,21.888795558461798,91.23582731765724,0,7,day
16,0,0,0,22.695402571982196,67.94281833387208,0,5,day
13,6,1,1,21.885351064217375,65.80415491832557,0,30,day
10,2,1,0,22.329304781581055,66.71675869210972,0,1,day
0,6,0,0,17.012002615412378,0.0,0,251,away
3,2,0,0,17.121240753980132,0.0,0,372,away
18,1,0,1,21.895860058035204,55.134016422407065,0,8,day
3,6,0,0,16.888311632315325,0.0,0,226,away
22,1,0,1,22.939189565996564,15.324362639986322,1,18,movie
8,0,1,1,21.788288520399593,84.99629112406808,0,0,day
14,2,1,0,21.722592694997648,65.52908279233546,0,9,day
19,3,0,1,21.86988568471844,10.56702935154986,1,9,movie
21,1,0,1,22.52592743026376,11.937232313946113,1,19,movie
21,3,0,1,22.73556061428162,63.94745590546956,0,16,day
11,2,1,0,20.98653176637391,77.2940953689587,0,18,day
13,5,0,0,22.269078820504685,85.44415868540273,0,27,day
9,6,1,0,22.83858731174831,66.21559119958566,0,17,day
17,3,0,0,22.51505758438356,94.77136475331642,0,18,day
16,0,0,0,22.264293043703592,63.20746027824734,0,30,day
20,1,0,1,21.85795049731961,25.700051206943407,1,17,movie
2,4,0,0,17.025591084547543,0.0,0,257,away
23,3,0,1,19.868432051866648,8.157325450708601,0,117,night
11,3,1,1,22.6225142070739,95.40866939181869,0,1,day
7,5,1,1,21.376948931911336,89.4179456921692,0,2,day
7,2,1,1,21.85091030655165,79.52415386439267,0,9,day
3,2,0,0,16.447534427403692,0.0,0,272,away
11,6,1,0,23.05264556284187,85.36400417014647,0,30,day
6,2,0,0,16.8787193533158,0.0,0,221,away
7,0,1,1,22.1053710778981,75.17499642351648,0,8,day
10,3,0,0,21.900637470022833,84.8934625377235,0,9,day
23,2,0,0,20.43254991757486,10.465817114875069,0,101,night
5,2,0,0,17.035803599905524,0.0,0,480,away
3,1,0,0,16.617875396472076,0.0,0,230,away
6,2,0,0,17.096580863840973,0.0,0,170,away
19,2,1,0,22.19734510568509,58.05177566620111,0,6,day
14,5,0,0,22.296914791292306,92.4811216182388,0,23,day
18,2,1,0,21.203082423982686,54.99500714878883,0,7,day
11,6,0,0,22.414053774185014,72.95522192253473,0,21,day
6,1,0,0,17.005031400940734,0.0,0,166,away
23,1,0,0,20.016134562221875,8.375463610786694,0,41,night
5,4,0,0,17.627282578825533,0.0,0,191,away
8,4,1,1,21.029822812075796,87.3270165993365,0,10,day
14,4,1,1,22.482750274707534,62.64279490695431,0,21,day
12,4,1,1,21.71149801080833,77.77049347509913,0,10,day
13,5,1,0,21.81056414817523,92.05483382793965,0,27,day
18,6,0,1,21.628660572649423,13.261261425350703,1,11,movie
19,0,1,1,22.104875609811643,64.64959049595402,0,5,day
15,1,1,0,21.446367124279178,74.3012551642026,0,8,day
5,3,0,0,17.28693938304347,0.0,0,430,away
22,1,1,1,22.36285399165936,21.139817154751672,1,10,movie
3,6,0,0,16.981996543862216,0.0,0,270,away
12,0,1,0,22.311631706191314,81.57575842824816,0,12,day
5,1,0,0,17.82181803784831,0.0,0,271,away
8,0,1,1,21.95450117804285,100.0,0,9,day
14,5,1,0,22.170245815270835,89.47323241613559,0,9,day
22,4,1,1,23.24636943331926,16.28978207468192,1,20,movie
10,5,1,1,23.650683321669867,62.10476647781874,0,15,day
14,4,1,1,21.211333715337318,90.68081822665297,0,24,day
13,1,1,1,21.85233594865098,71.36555386374604,0,23,day
0,3,0,0,17.053118809889494,0.0,0,151,away
5,2,0,0,17.476637445673028,0.0,0,327,away
12,0,1,1,22.39696437724862,69.72422758788971,0,27,day
17,5,0,0,22.227785978876483,66.73921959649508,0,26,day
21,5,0,0,21.5736018530771,58.9819735281177,0,14,day
12,4,1,0,22.34240286227631,62.53938672155012,0,26,day
14,1,0,0,21.81155387657903,73.26008235102996,0,13,day
13,4,1,0,22.230991028668388,90.2953197456844,0,17,day
23,5,0,0,20.287637218435336,10.246582132503942,0,17,night
20,5,0,1,22.00215382117158,18.059543500830383,1,10,movie
18,2,1,1,21.915578707398517,11.672189930248404,1,3,movie
18,4,1,1,22.243941671009782,20.106792168418306,1,9,movie
5,1,0,0,16.226964391623756,0.0,0,292,away
7,2,1,1,22.105420515568344,83.87837427000493,0,0,day
20,3,0,1,22.06838705865835,16.206840905423064,1,7,movie
23,2,0,0,20.170992416848335,14.252969818073801,0,87,night
11,4,1,0,21.036748423797885,62.77713604099816,0,15,day
20,1,0,1,21.46897687057672,13.092925061793455,1,19,movie
12,0,1,0,21.731285384311796,81.22360213834469,0,0,day
0,5,0,0,17.238778358923554,0.0,0,175,away
2,4,0,0,16.88869849261713,0.0,0,297,away
18,4,1,1,21.609104885133338,14.557267827341898,1,8,movie
12,1,1,1,22.368512609235314,76.46203275814953,0,19,day
22,1,1,1,22.69349636495442,18.913842726929285,1,16,movie
17,3,1,1,21.758548805849806,83.01350838344825,0,24,day
20,4,1,1,22.672224739059335,54.616231858180285,0,19,day
6,1,0,0,16.365002870507478,0.0,0,409,away
22,4,0,1,21.81666060317474,11.33296826803905,1,13,movie
6,2,0,0,16.709230016427938,0.0,0,377,away
16,6,0,1,22.654666056561712,73.72579369244343,0,1,day
12,4,1,0,22.080701038212677,63.28144815499115,0,19,day
16,3,1,1,22.381828969759628,81.9032057298639,0,7,day
20,2,1,0,22.36377288865677,66.00338843522862,0,11,day
1,0,0,0,17.16814485033705,0.0,0,289,away
21,4,0,1,21.54678447036142,19.839601065231083,1,0,movie
6,1,0,0,17.150043265501676,0.0,0,343,away
3,2,0,0,16.62189737925065,0.0,0,178,away
2,5,0,0,16.513737452611217,0.0,0,163,away
15,2,1,0,21.90427863130536,71.23115976966722,0,11,day
17,3,0,1,22.097260353544602,59.40403161673595,0,28,day
2,5,0,0,17.335680542060906,0.0,0,272,away
6,3,0,0,16.700500150407635,0.0,0,171,away
11,3,1,0,20.624911989541918,67.6823882573719,0,1,day
9,6,1,1,22.017079282203955,70.73146804012823,0,4,day
5,3,0,0,17.459496939929096,0.0,0,154,away
19,3,0,1,21.849845870881843,21.835226624043845,1,18,movie
19,6,1,1,21.83547316397589,16.97670746302967,1,19,movie
13,2,1,1,21.61950595357486,97.4344682477698,0,20,day
6,6,0,0,16.690091201768656,0.0,0,233,away
13,1,0,1,22.008796145653918,74.30413627502709,0,16,day
18,4,1,1,22.925231616921877,18.343996260020862,1,9,movie
8,2,1,1,22.23318311749252,83.13466633714847,0,7,day
22,1,0,1,21.825815318382965,18.366105756955445,1,6,movie
5,5,0,0,17.004134225272942,0.0,0,152,away
20,2,0,1,22.35705687427665,13.264963611759221,1,2,movie
1,0,0,0,16.562978291846633,0.0,0,334,away
3,6,0,0,17.665693300599056,0.0,0,141,away
9,2,1,0,21.905916991056372,63.88090280018723,0,9,day
8,0,1,1,21.598100179608448,81.26093210747223,0,0,day
3,4,0,0,17.118553208046702,0.0,0,464,away
23,3,0,1,20.129487558231627,11.471565785988282,0,111,night
1,4,0,0,16.60756513675349,0.0,0,170,away
23,4,0,1,19.709656711725145,6.56899428230861,0,37,night
5,0,0,0,16.577461414598616,0.0,0,254,away
10,1,1,0,23.274539142739748,69.63503950151745,0,16,day
10,5,1,1,22.061364192060307,59.817727304816074,0,2,day
20,3,1,1,21.479699572579246,12.01335809310848,1,19,movie
20,2,1,1,20.88153725063699,17.023565125911595,1,5,movie
9,1,1,1,22.43710388568929,79.23083257937901,0,17,day
1,2,0,0,17.266333239122687,0.0,0,324,away
15,1,1,1,21.34694275857173,61.65777792542397,0,30,day
4,2,0,0,17.30210071039044,0.0,0,233,away
17,5,0,0,22.32518974912402,87.99729780344171,0,20,day
21,2,0,1,21.84782969754104,14.648706964889401,1,10,movie
15,2,0,1,22.984749374267903,56.29984968028424,0,16,day
18,4,1,1,21.69613461419778,60.20769690746804,0,3,day
1,5,0,0,16.696052829862033,0.0,0,185,away
16,1,1,0,23.004152640571096,81.16990472161142,0,16,day
7,6,1,1,21.397925019212522,82.03136128582813,0,8,day
16,5,1,1,22.331641601852343,78.34595580893438,0,5,day
17,4,0,1,22.38762754756488,73.46162438874467,0,18,day
10,6,1,1,21.985481934867277,62.32246101202941,0,5,day
1,1,0,0,16.751196990439325,0.0,0,180,away
8,2,1,1,21.345968783835424,89.70064861446782,0,3,day
21,6,0,1,22.300947824303222,15.284847304631286,1,10,movie
2,5,0,0,16.74015851616207,0.0,0,396,away
10,1,1,1,22.363992753922123,98.38831666414424,0,10,day
16,3,1,0,21.697188491744587,87.66288306532486,0,28,day
7,6,1,1,22.14347683388541,98.33697930021435,0,6,day
21,3,0,1,21.83951007980814,18.02074579463608,1,10,movie
8,5,1,1,21.121700074530445,78.74509235319064,0,10,day
7,3,1,0,22.117355321045004,86.98642506205157,0,5,day
9,2,0,1,22.552354597046904,81.94952458176802,0,17,day
19,3,0,1,21.81311880531892,60.737416860214665,0,23,day
8,0,1,1,21.07827660153158,82.22421714948429,0,1,day
19,4,1,1,22.030507427707104,21.5576538260981,1,8,movie
10,1,1,0,22.543257434159088,79.75730297612357,0,30,day
5,3,0,0,17.34632680127193,0.0,0,314,away
11,3,1,1,22.34696353622668,86.63508928451526,0,21,day
10,1,1,1,21.705536100441595,75.25237436586691,0,6,day
3,4,0,0,16.113887953758613,0.0,0,377,away
0,6,0,0,16.93588282287079,0.0,0,265,away
15,3,0,0,20.632682521008398,71.1908333382586,0,22,day
18,0,0,1,21.714693473230067,68.20951734485492,0,14,day
18,0,1,0,22.277321808586304,78.21230951634472,0,23,day
3,1,0,0,16.526013916686313,0.0,0,145,away
5,0,0,0,16.29415357904629,0.0,0,479,away
13,4,1,0,22.538964392128086,77.709383711283,0,25,day
16,1,1,1,22.665451380269946,51.813857173042855,0,2,day
14,0,0,1,22.535109108964537,69.57216430359276,0,23,day
17,1,1,1,22.876165885927378,85.74657690700202,0,17,day
13,0,1,1,21.60000913151376,79.56712639035952,0,5,day
11,1,1,1,22.017413898306124,73.86144399006085,0,17,day
20,4,0,1,21.964341966437033,13.78886774755335,1,12,movie
16,0,0,0,21.594509795179896,79.05328287348692,0,15,day
9,5,1,0,21.97162509176018,90.20027917787104,0,26,day
3,3,0,0,17.03772806255244,0.0,0,310,away
17,2,0,1,23.07271082457542,79.76069596320771,0,8,day
6,2,0,0,16.72590287712839,0.0,0,175,away
4,3,0,0,17.53527845317546,0.0,0,311,away
16,0,1,1,21.403240491603935,81.33252021213764,0,17,day
23,5,0,0,19.544962401854924,6.951475331282273,0,109,night
16,3,1,0,22.56423206086233,76.73656594992194,0,15,day
23,3,0,0,19.571637201662192,7.978245823341705,0,65,night
21,0,0,1,21.60716148586625,22.818030206424623,1,20,movie
0,6,0,0,17.94232847263926,0.0,0,248,away
18,0,1,0,21.5362131590893,76.97339988052752,0,23,day
14,1,1,1,22.966518115044163,67.56867341988251,0,2,day
9,2,1,0,22.390974721591867,67.90900732805092,0,25,day
11,1,0,1,22.045609268840597,76.08845306696946,0,22,day
9,3,1,0,22.220506629434745,79.00614806764537,0,27,day
19,1,1,1,22.504760351221442,63.81928458748871,0,6,day
0,5,0,0,16.845421695109433,0.0,0,332,away
19,6,1,1,22.10939891410027,63.177872423831936,0,14,day
0,5,0,0,16.732650126680188,0.0,0,203,away
22,6,1,1,22.514662465657704,64.79667615832302,0,2,day
6,0,0,0,17.09044320401775,0.0,0,407,away
12,4,1,1,21.52729280153226,67.51475024647358,0,25,day
12,5,0,0,22.183826498138874,78.1534379328875,0,13,day
19,3,0,1,21.783286507609244,19.92954494932981,1,3,movie
5,4,0,0,16.683786220110832,0.0,0,306,away
7,4,1,1,22.555568283179568,85.7832679730575,0,5,day
22,4,0,1,22.33388776026309,54.63080963895463,0,11,day
3,5,0,0,17.137058879677923,0.0,0,275,away
21,0,1,1,21.458646588856592,19.578397685482162,1,8,movie
17,5,0,1,22.05630081864795,72.21714782635793,0,6,day
7,1,1,1,20.530396041252168,92.78715520167562,0,5,day
7,3,1,1,21.442934453899976,83.91958507582954,0,1,day
2,5,0,0,17.165538954324894,0.0,0,209,away
15,0,1,1,22.244866073481305,80.51087283703822,0,11,day
20,5,0,1,21.678315060236436,68.76913893084271,0,23,day
14,3,1,0,22.35576680874193,96.91669089395488,0,28,day
15,0,0,1,22.22272799669376,76.43450024351458,0,29,day
0,2,0,0,16.978955162777844,0.0,0,120,away
6,2,0,0,16.7831676811222,0.0,0,305,away
14,1,1,1,21.302603849474778,77.16468415051422,0,7,day
3,1,0,0,16.823010822859995,0.0,0,467,away
7,5,1,0,20.91439758080407,99.02137101897408,0,9,day
0,3,0,0,17.611424325717547,0.0,0,258,away
5,2,0,0,16.658006087636647,0.0,0,226,away
10,0,1,0,22.050076644548664,55.61389493427592,0,28,day
10,4,1,0,22.41507574582006,67.06243661705528,0,11,day
13,6,1,0,22.08022090519342,64.52097124809991,0,21,day
3,4,0,0,16.589107761324936,0.0,0,330,away
16,5,1,1,21.93128015293412,95.54692515411246,0,20,day
4,6,0,0,16.85211970191649,0.0,0,174,away
8,4,1,0,22.28437026596178,90.68985823453828,0,10,day
6,0,0,0,17.29445770490442,0.0,0,353,away
22,3,1,1,22.337827765926647,42.378458870917086,0,11,day
11,6,0,1,23.366857342590293,79.12539913982579,0,19,day
7,5,1,1,22.161137073589003,85.71740343410792,0,10,day
12,6,0,1,22.309433528834326,88.80944208780424,0,26,day
23,3,0,0,19.535239911360076,9.500595345329678,0,62,night
0,4,0,0,16.59437232284589,0.0,0,284,away
18,3,1,1,21.65719650382087,24.188357944526437,1,8,movie
18,0,0,1,21.972261991871832,11.20951076192751,1,6,movie
14,0,1,1,21.748782766523064,74.35155618420235,0,30,day
5,5,0,0,17.12456373898027,0.0,0,150,away
23,5,0,0,20.46253651875961,10.53068507227257,0,20,night
17,6,1,0,22.30239116505003,62.094875663694054,0,21,day
14,4,1,0,21.206776497607688,81.28827493384613,0,12,day
20,4,1,1,21.788542872088748,21.272280373097942,1,2,movie
16,3,1,1,20.905050202351244,75.62839215066117,0,3,day
17,3,1,0,22.211596454200432,90.0036591688133,0,8,day
8,1,1,1,21.67655707208636,79.93458161789961,0,4,day
0,2,0,0,17.987678414677127,0.0,0,374,away
23,1,0,0,19.769696590224715,9.424227402262447,0,74,night
15,6,1,0,22.791704428734427,81.38497853641083,0,23,day
2,6,0,0,16.87402534369714,0.0,0,374,away
8,3,1,1,21.424890464878935,98.71372449172783,0,9,day
20,3,0,1,22.128847860638277,15.933500952101046,1,15,movie
23,4,0,0,19.983232115503068,9.862108985199303,0,86,night
1,4,0,0,17.023637333210008,0.0,0,427,away
5,6,0,0,16.579832022660582,0.0,0,299,away
0,1,0,0,16.871903703079425,0.0,0,167,away
23,6,0,1,19.61207277469527,9.646930101901221,0,61,night
10,4,0,0,22.344252812476853,70.99785141243737,0,23,day
7,6,1,1,22.198471845014108,83.79375505607317,0,9,day
3,6,0,0,17.29982021557046,0.0,0,146,away
16,5,1,1,22.09839449578718,88.72238861772098,0,14,day
13,3,1,1,22.68547049303136,74.40387332479328,0,28,day
21,3,0,1,22.059179613287366,58.89694248846211,0,2,day
8,1,1,1,21.206338445468862,86.5829181866041,0,7,day
15,6,1,0,22.374079996253254,93.94231779328587,0,1,day
13,1,1,1,21.651266971923647,79.00714541817729,0,17,day
23,4,0,0,20.10893336045133,5.294404369870108,0,112,night
4,5,0,0,17.225884001285266,0.0,0,283,away
3,4,0,0,16.878477285389287,0.0,0,164,away
18,6,1,1,21.56122999354655,54.492383059166286,0,21,day
21,2,0,1,22.23119282942516,21.1659957283393,1,9,movie
22,2,1,1,21.532963265928235,62.547824534372644,0,22,day
6,0,0,0,17.047241386002582,0.0,0,358,away
0,0,0,0,17.071556684682072,0.0,0,373,away
1,5,0,0,16.640685314494267,0.0,0,435,away
22,0,0,0,21.2277612998626,62.49098503297329,0,7,day
10,2,0,1,20.736997551732227,71.22879097981918,0,26,day
19,5,0,1,22.074364087960138,23.152264281048737,1,4,movie
12,6,0,1,21.17601761619943,71.41591725446843,0,24,day
20,2,0,1,21.853647917789257,21.02847347469778,1,5,movie
14,3,1,1,23.33427539596467,83.42604959235292,0,27,day
1,3,0,0,16.978369929584836,0.0,0,271,away
10,1,1,0,22.978234317894696,64.59815272851321,0,16,day
17,5,1,0,21.9463902090886,69.33984186039604,0,12,day
21,0,0,1,23.365644354579775,20.363528293966546,1,7,movie
4,0,0,0,16.98323280713009,0.0,0,225,away
15,4,1,0,21.87612701819222,83.87084442098204,0,6,day
5,0,0,0,16.586665001604388,0.0,0,330,away
14,2,1,1,22.38794191642483,64.00598174175965,0,26,day
4,3,0,0,16.582435290164213,0.0,0,196,away
13,3,0,1,22.72855407791952,75.81017400319138,0,12,day
20,3,1,1,21.985012157127283,58.11000293901049,0,2,day
13,5,0,0,22.287295828221186,75.16177478498037,0,6,day
0,3,0,0,17.028198491608464,0.0,0,404,away
1,3,0,0,16.35089306789339,0.0,0,275,away
18,1,1,0,22.342842826826363,70.43464106128383,0,10,day
23,6,0,0,18.97570504573655,8.107748783294234,0,107,night
10,3,1,1,22.992546001601923,79.82057574462499,0,7,day
4,6,0,0,16.561842524313587,0.0,0,187,away
16,5,0,1,21.82716330387173,69.50876878361743,0,9,day
11,3,0,1,21.84424447780776,87.07159285443295,0,25,day
9,4,1,0,22.127382950532013,79.6100110363144,0,20,day
10,0,1,0,22.675708271110608,71.1014779141085,0,0,day
8,5,1,1,22.162662031573312,91.45208399084542,0,10,day
9,2,1,1,22.455868449718963,70.39100909156174,0,12,day
4,4,0,0,16.64685379418096,0.0,0,134,away
16,4,1,0,22.37242842578613,77.54792244523838,0,22,day
19,0,0,1,21.821694261720346,18.988410259321682,1,14,movie
10,1,1,1,22.004025999859316,74.43936499178098,0,12,day
17,5,1,0,21.96699965812041,75.96310974351609,0,26,day
2,0,0,0,17.325303071487856,0.0,0,462,away
16,4,1,1,22.137128007811313,75.21626971874237,0,8,day
6,6,0,0,17.301284825931145,0.0,0,399,away
21,0,1,1,22.4331987001788,19.00129317276185,1,7,movie
10,3,1,0,22.300923484266754,84.54384660678372,0,7,day
19,1,1,1,22.05056237142601,72.85088920504575,0,19,day
14,2,0,0,21.30113379501117,92.00875123677092,0,10,day
20,2,1,1,22.226973910461467,58.10380901568187,0,17,day
16,1,1,0,22.218939400373948,72.51615648937678,0,14,day
17,3,1,1,22.240781982698174,60.432840478639164,0,30,day
13,2,1,0,21.16461910491322,45.0,0,27,day
5,3,0,0,16.96151460682872,0.0,0,448,away
22,6,0,1,21.67626818089676,56.591315438151476,0,8,day
23,2,0,1,20.21707053862413,8.971331990976179,0,85,night
11,1,1,1,21.837219758074532,70.31557916282253,0,10,day
12,5,1,0,22.189539661830594,75.60237768571827,0,20,day
3,5,0,0,17.75235052280314,0.0,0,251,away
23,4,0,1,19.44875946338639,8.0579994775015,0,40,night
14,4,1,0,21.809747728396083,71.47381060346056,0,30,day
19,4,1,0,20.92634741715509,51.2999830419084,0,16,day
5,6,0,0,16.70634090135413,0.0,0,205,away
12,1,1,0,22.44215284216866,77.87467672172528,0,1,day
11,3,1,1,22.720906067836,85.0236741713532,0,7,day
13,0,1,0,22.007194481977653,73.9881023650525,0,21,day
20,6,0,1,21.26705425248323,15.425010298934998,1,12,movie
7,6,1,0,21.002021420196893,91.57171636202824,0,8,day
3,1,0,0,16.651850530283568,0.0,0,230,away
14,4,1,0,23.492080756302528,76.95695377596256,0,10,day
20,1,0,1,21.479438432025603,16.222762191217267,1,14,movie
23,3,0,0,20.20919813129893,6.802150868818915,0,70,night
15,1,1,1,22.46481521551797,72.51227318798698,0,23,day
16,4,0,1,22.907602685831524,81.59370067307358,0,2,day
4,6,0,0,16.666561646772042,0.0,0,382,away
1,2,0,0,16.963884101557273,0.0,0,403,away
11,3,1,0,20.950655253822074,76.70589575417338,0,18,day
11,4,1,0,22.944357927715842,83.85060918249985,0,22,day
14,3,1,0,22.50027871499107,79.56908849215705,0,0,day
7,4,1,1,21.85115516690443,77.62557311954649,0,6,day
21,6,1,1,22.413969133723604,18.74856794708086,1,16,movie
10,1,0,1,22.91759050702906,79.22909230404723,0,19,day
23,5,0,0,19.635475404506533,12.462857502064686,0,38,night
12,5,1,0,22.354070268908313,59.28940915161545,0,15,day
1,3,0,0,17.148243243529716,0.0,0,180,away
21,2,0,1,21.9193852844096,25.557518184069416,1,0,movie
8,2,1,1,22.222100595346443,94.77982236464534,0,3,day
5,3,0,0,16.96902445294712,0.0,0,335,away
23,4,0,0,20.032033049849232,4.749979750193967,0,38,night
21,5,0,1,22.313288194895502,19.018216502050898,1,18,movie
22,0,1,0,21.733718409260817,62.71674098604147,0,10,day
0,5,0,0,16.434596560700726,0.0,0,282,away
8,0,1,1,21.489900772723043,88.88907326722848,0,10,day
14,5,0,0,22.551949402400087,77.95818387881461,0,27,day
14,5,1,1,22.43397596651865,78.75636782329077,0,25,day
16,5,1,0,22.160502726795645,70.36125323447541,0,2,day
2,0,0,0,17.430991417087874,0.0,0,454,away
19,5,0,1,21.553633895380997,16.968191627035743,1,2,movie
10,1,1,1,21.245610181038348,59.48474004760642,0,17,day
18,6,1,1,21.26452358129722,48.70770196339052,0,9,day
20,6,1,1,21.53302977367687,15.958236604370882,1,10,movie
17,4,1,1,22.85612075292976,71.99371080229989,0,9,day
20,0,0,1,21.91494040443492,21.298970986191872,1,18,movie
3,0,0,0,17.46474654434542,0.0,0,354,away
5,0,0,0,16.978911449598346,0.0,0,142,away
10,2,1,1,21.737302342740033,59.48598167577064,0,15,day
22,3,0,1,21.09588122249799,9.491609825536553,1,2,movie
7,5,1,1,21.29533778920208,81.70421898451715,0,9,day
15,4,1,1,22.857092448787558,68.6928752479878,0,25,day
14,0,1,0,21.966116693147548,76.7286823782849,0,18,day
0,1,0,0,17.32071836396018,0.0,0,363,away
2,6,0,0,16.91270662218113,0.0,0,383,away
12,3,1,0,21.7938057914327,88.19963294777054,0,27,day
3,4,0,0,16.980462565706397,0.0,0,159,away
23,4,0,0,20.015618034225824,9.83083766058698,0,61,night
23,1,0,1,19.72578735485878,7.031902953961629,0,54,night
4,4,0,0,16.911672485779867,0.0,0,127,away
8,6,1,1,21.312080831382495,83.5963072503164,0,9,day
5,0,0,0,17.12186779964873,0.0,0,467,away
7,2,1,1,21.799415005496563,91.05548790647852,0,3,day
7,0,1,1,21.326468586453025,81.86747652413982,0,1,day
10,0,1,1,22.11868330932381,76.36559664400875,0,11,day
4,0,0,0,16.84803927035658,0.0,0,205,away
0,6,0,0,17.243515908611702,0.0,0,238,away
9,5,1,1,23.1878958452903,81.85486232246082,0,22,day
15,3,1,1,22.592391739341068,77.71240824600571,0,30,day
11,6,1,1,23.089041356725275,80.79839036902217,0,20,day
2,3,0,0,17.105370104660864,0.0,0,260,away
6,0,0,0,17.004771813278627,0.0,0,410,away
14,6,1,1,22.006030440890182,80.13479544055721,0,30,day
15,2,1,0,20.478227985087024,71.15297968048458,0,18,day
17,2,0,0,23.15115672851117,68.39387046989519,0,20,day
21,4,1,0,22.57715023275281,65.29182715716385,0,21,day
17,1,0,0,21.825527366962234,54.82756687879473,0,5,day
9,6,1,0,21.656894965953853,69.01367585337546,0,6,day
12,4,1,1,23.539071687295433,83.26396513198958,0,29,day
18,6,1,1,22.95781491503125,71.14815607688048,0,15,day
1,4,0,0,16.733619041696283,0.0,0,310,away
8,1,1,1,23.298119547699073,81.53663275315145,0,0,day
22,1,1,1,22.376378383594552,18.44072231112543,1,14,movie
8,0,1,1,21.963800292135566,91.42120542347254,0,4,day
18,2,0,1,21.41412082405836,15.599978901155522,1,7,movie
3,3,0,0,16.808666895400243,0.0,0,172,away
6,6,0,0,16.524720524351864,0.0,0,172,away
8,4,1,1,21.299737157921303,85.63658876293418,0,8,day
9,2,0,0,21.87034378813476,71.62972692389998,0,7,day
6,6,0,0,16.68690643536108,0.0,0,242,away
14,6,1,1,22.755386772836456,56.22721274632637,0,23,day
17,0,1,0,22.229354894808093,73.24690787637945,0,20,day
15,4,0,0,21.248126013268678,70.58424138205723,0,20,day
8,2,1,1,21.358709533324962,90.01507403731495,0,9,day
19,6,0,1,22.29430555963261,66.57783452448285,0,0,day
7,4,1,0,21.6847315779121,94.3272021792525,0,1,day
1,4,0,0,16.649630234367304,0.0,0,227,away
6,5,0,0,17.68381384625051,0.0,0,380,away
14,5,1,0,22.492297090695402,63.58597621947003,0,8,day
5,0,0,0,17.2092797789079,0.0,0,401,away
4,1,0,0,17.19885449615444,0.0,0,224,away
22,1,0,1,20.9983154352999,20.962570839372297,1,11,movie
14,2,1,1,21.82840960522608,81.903110945553,0,16,day
16,1,1,1,21.93594659364772,95.75343117845526,0,6,day
12,2,1,1,22.744956845560395,78.98431236175065,0,3,day
18,4,0,1,22.88539886086378,19.921231268896747,1,6,movie
3,6,0,0,17.135575408984828,0.0,0,135,away
8,6,1,1,21.429835317080645,87.74748369018168,0,4,day
22,6,0,0,22.39414220155133,69.53240650120117,0,0,day
8,0,1,1,21.644400377884203,96.10594563267081,0,4,day
6,0,0,0,16.607017896532962,0.0,0,292,away
4,0,0,0,16.9290901354064,0.0,0,460,away
1,0,0,0,17.429013345884076,0.0,0,177,away
19,0,1,0,21.136707071656158,54.760834869520224,0,19,day
15,3,1,0,23.413553642798938,67.85712446926718,0,29,day
22,4,0,1,22.151871251225664,24.75028048322568,1,11,movie
15,4,1,1,22.73542402470687,79.1496728715179,0,9,day
19,1,0,1,20.990877957100167,17.678406424376504,1,16,movie
15,0,0,1,22.502524511120672,75.70168919055452,0,28,day
5,0,0,0,17.396574437327004,0.0,0,282,away
15,6,1,1,22.720839899310704,56.6399887091587,0,0,day
21,1,1,1,22.861813610211357,57.40862020857159,0,23,day
21,4,1,1,22.907337674464486,18.02129202650843,1,19,movie
23,2,0,1,19.973747727245364,7.751917120241579,0,47,night
15,3,1,0,22.010026316962886,73.49217465822227,0,27,day
18,1,0,1,22.189679459833556,24.11012825902902,1,12,movie
8,0,1,0,21.66796201500407,82.41637867186293,0,4,day
3,4,0,0,16.43095974048679,0.0,0,325,away
6,1,0,0,16.744344467453683,0.0,0,282,away
16,0,0,1,22.90541124193861,58.369144057660705,0,8,day
11,5,1,1,21.405944743942076,76.04956697009071,0,14,day
7,1,1,1,21.815376274267454,81.48858825314714,0,6,day
15,3,1,0,21.878982327414974,85.2722648568879,0,1,day
23,4,0,0,20.383404501512043,8.482547227225126,0,80,night
23,0,0,0,19.5201964689769,8.643297130978196,0,45,night
21,6,0,1,22.049457739381555,22.025561910479,1,6,movie
6,2,0,0,16.39700752008849,0.0,0,216,away
4,6,0,0,17.407524497282697,0.0,0,456,away
14,4,1,1,22.154280636768117,79.23197596858708,0,25,day
0,4,0,0,16.46804359102377,0.0,0,300,away
20,2,0,1,21.64613061026003,11.590901090596022,1,15,movie
18,3,1,1,21.564826491171285,25.03106586672329,1,14,movie
10,6,1,1,21.086387586067925,88.74590665381339,0,12,day
10,4,1,1,21.562110773906745,74.59924558775039,0,24,day
16,6,1,0,23.086085178718925,79.71767640552864,0,12,day
1,2,0,0,16.808689144796723,0.0,0,443,away
12,3,1,1,21.563284686398745,67.18372317523699,0,9,day
17,4,0,1,21.880358596178834,76.1650517620031,0,1,day
20,1,0,1,22.954395179228484,15.184482635800808,1,13,movie
10,1,1,0,22.075543057981914,70.55429268105088,0,9,day
8,5,1,1,21.49965168611533,91.53976507217742,0,2,day
10,5,1,1,21.54560401537843,68.57530439576422,0,5,day
12,1,0,1,21.46480159105044,77.7111389853127,0,3,day
19,4,0,1,22.65220254846695,11.835708013994424,1,16,movie
19,0,1,1,22.03749060899492,23.702165489484074,1,15,movie
14,1,1,1,21.716359516229062,84.48865922635439,0,11,day
3,0,0,0,16.43601860399422,0.0,0,387,away
10,3,1,1,21.768548712666924,82.10130503797109,0,0,day
22,1,0,0,21.452858489058972,42.320444323070326,0,17,day
8,4,1,1,21.985494112469777,91.61411703335511,0,6,day
23,4,0,0,20.6681121683151,12.428629359968632,0,70,night
8,6,1,1,22.159310812695526,87.05187262751896,0,1,day
18,0,0,1,22.082073680038214,18.985112365975432,1,1,movie
2,1,0,0,16.46268621915592,0.0,0,312,away
3,5,0,0,17.164742511541206,0.0,0,183,away
2,4,0,0,16.470403162107957,0.0,0,445,away
14,0,0,1,21.472265619274886,74.75667179151098,0,20,day
12,0,0,0,22.57271853567174,87.24795965171238,0,12,day
13,5,1,0,21.69253632316446,86.26425680547219,0,12,day
4,3,0,0,17.600846059197846,0.0,0,418,away
3,0,0,0,16.779189492736233,0.0,0,385,away
18,2,0,1,21.503733596251404,18.263086700750648,1,1,movie
18,4,0,1,22.230573195679916,19.2811667360289,1,12,movie
21,0,1,0,22.571091147386607,65.06271305881286,0,17,day
1,6,0,0,16.96481637960753,0.0,0,205,away
17,0,0,0,22.481721820209494,85.21330197877685,0,19,day
0,1,0,0,16.726769757116397,0.0,0,268,away
23,0,0,1,19.957115532419106,8.794572106650202,0,117,night
7,5,1,1,23.067496373049917,89.13853936697592,0,8,day
11,3,1,1,22.44138923481397,45.0,0,7,day
16,2,1,0,23.111632605387307,48.28044369374072,0,25,day
19,1,0,1,22.575419874576028,19.455548015286293,1,18,movie
16,4,1,0,22.61511841340224,93.49753919446296,0,26,day
23,1,0,0,19.661612903281064,5.814049097439714,0,64,night
19,6,0,1,22.200551972010004,55.61472700125037,0,8,day
3,1,0,0,16.86709513748517,0.0,0,161,away
2,4,0,0,17.067499038091277,0.0,0,338,away
21,3,0,1,22.501015996655124,17.61800770676142,1,13,movie
17,3,1,0,22.513727800150562,70.44774055829795,0,11,day
1,2,0,0,16.878426129391944,0.0,0,392,away
18,0,0,1,22.01577341263916,66.79736201958795,0,10,day
4,2,0,0,16.848105620860146,0.0,0,246,away
12,4,0,0,23.119576735435874,89.71067390768661,0,15,day
3,3,0,0,17.72450707262365,0.0,0,367,away
8,3,1,1,22.51862954021804,91.95346350688523,0,9,day
7,2,1,1,21.494097558270102,76.91802293685623,0,7,day
21,3,1,1,22.010154003280203,14.020262224734683,1,12,movie
6,4,0,0,17.172287702587994,0.0,0,324,away
2,6,0,0,16.681216938687516,0.0,0,436,away
5,4,0,0,17.15313828354606,0.0,0,156,away
16,6,0,1,22.195253405925165,71.37417185943423,0,19,day
19,5,0,1,22.008375354535872,30.719457955294054,1,12,movie
13,0,1,0,21.873929803617944,87.4737768179981,0,11,day
19,3,1,1,22.02119061434806,16.655501589494627,1,15,movie
13,0,1,1,21.130960500539338,87.34532448697219,0,13,day
4,0,0,0,17.233410036733336,0.0,0,377,away
4,2,0,0,17.208288359480697,0.0,0,298,away
18,4,1,1,21.935089914163722,19.552547693232718,1,20,movie
17,5,1,0,21.676568935023724,78.38576110050471,0,16,day
20,3,1,0,22.183204338698737,55.23437379669275,0,0,day
4,5,0,0,16.861027531805522,0.0,0,373,away
3,5,0,0,17.660796734977335,0.0,0,408,away
6,6,0,0,17.059793640295805,0.0,0,169,away
14,4,1,0,23.72308993765677,79.17410448799421,0,9,day
13,1,1,0,21.840481358980245,73.21682440288339,0,24,day
20,1,1,1,22.88454166288506,20.143971219700898,1,6,movie
7,3,1,1,22.48737434161533,94.75966209177516,0,7,day
21,1,1,1,23.036329495446665,61.64284545801166,0,1,day
0,1,0,0,17.164147481068614,0.0,0,349,away
15,6,1,0,22.013455996756456,72.22764325903727,0,25,day
21,0,1,1,21.494483656648374,25.568675321598423,1,16,movie
15,6,1,1,21.95213402832197,78.72552622971467,0,10,day
5,4,0,0,17.175385449910664,0.0,0,150,away
1,2,0,0,16.46828051083128,0.0,0,361,away
20,0,0,1,22.25383088444436,21.861368448971103,1,4,movie
5,0,0,0,16.784515241380372,0.0,0,398,away
8,4,1,1,21.90115909027918,83.13222199127951,0,8,day
12,3,0,1,22.17920618915221,61.73306578702221,0,30,day
20,1,1,1,22.61953754174311,65.86168754215485,0,16,day
16,4,1,1,22.80546714375303,86.73009285961656,0,11,day
15,0,1,0,22.03508753758171,83.796210207359,0,2,day
9,5,0,0,22.92332433868817,65.63006095341282,0,18,day
1,0,0,0,16.81307791608532,0.0,0,320,away
3,3,0,0,16.34037346745632,0.0,0,142,away
14,4,0,0,23.410685622963534,77.77230145268112,0,30,day
16,6,1,1,22.86633764417566,70.97874871059521,0,0,day
10,5,0,0,22.879230820326406,72.37808865945019,0,22,day
3,4,0,0,17.31300727226896,0.0,0,437,away
2,6,0,0,17.147258622079363,0.0,0,382,away
2,3,0,0,16.906080242354232,0.0,0,453,away
10,2,1,1,22.04927365507592,87.86891344599081,0,11,day
21,3,1,1,22.216884561107225,19.818127487475245,1,19,movie
19,0,0,1,21.81893274667804,61.08340788196424,0,14,day
2,2,0,0,17.021044830364552,0.0,0,216,away
17,3,1,0,23.174698707574052,78.03364524695711,0,11,day
0,6,0,0,17.21120747187781,0.0,0,168,away
5,5,0,0,17.023305754900594,0.0,0,387,away
15,6,1,1,23.224417208202933,100.0,0,12,day
7,3,1,1,21.321423586095925,87.38026950976867,0,3,day
22,0,1,1,21.653956921685815,17.023508912989524,1,1,movie
16,4,1,1,21.527060363233403,83.64108223683775,0,5,day
0,0,0,0,16.264138004079015,0.0,0,326,away
22,0,1,1,20.988341428238602,66.74675913539983,0,17,day
1,0,0,0,18.2832643655666,0.0,0,162,away
3,4,0,0,17.278150859144258,0.0,0,382,away
8,3,1,1,21.696613918224052,88.77869393477106,0,0,day
12,3,1,0,22.944982357739242,71.90749693389817,0,27,day
23,1,0,1,20.763054388176812,11.442712258626685,0,118,night
14,0,1,1,23.115781919991864,80.37517713367114,0,2,day
18,3,0,1,22.001852675398737,16.4200109148073,1,8,movie
12,2,1,1,21.749774815004113,90.98420275650324,0,15,day
5,6,0,0,17.28176466742244,0.0,0,121,away
0,0,0,0,17.22732452358635,0.0,0,240,away
15,2,1,1,20.925675048066985,85.22247941171938,0,22,day
15,1,1,1,21.31808549033572,78.23892707068057,0,24,day
2,3,0,0,16.44689535756287,0.0,0,351,away
16,4,0,1,22.564039906447036,46.141774658900765,0,23,day
19,2,1,1,22.205485554515004,11.437061558852703,1,15,movie
13,3,1,1,21.67942582186377,66.20621995810708,0,0,day
13,6,1,0,22.142499300214286,58.91912294586675,0,10,day
17,3,1,0,21.39815394728881,80.98635867251845,0,17,day
9,5,1,0,22.408008449246225,92.19435158073293,0,13,day
23,2,0,0,19.87932768954766,7.728394886904738,0,56,night
19,4,0,1,23.06658025900166,17.75246705949042,1,13,movie
16,4,1,0,22.164152292623733,84.76830896064052,0,16,day
11,5,1,0,21.959400912718568,64.02945644576764,0,1,day
23,6,0,0,20.257805635472877,7.926261734258402,0,104,night
16,2,1,1,21.67768081636235,77.55464244369144,0,12,day
11,5,1,0,23.18570890131191,79.53750478372496,0,20,day
12,2,1,1,21.54966222623661,62.67854244308354,0,21,day
6,3,0,0,17.116020036665503,0.0,0,324,away
12,4,1,1,23.431087653563374,61.50758519348684,0,3,day
11,6,1,0,21.53924590751326,65.26999845901646,0,2,day
1,4,0,0,17.284585460627017,0.0,0,271,away
2,5,0,0,16.72571735157081,0.0,0,468,away
15,0,1,0,22.47866997449725,86.17021806418191,0,5,day
6,6,0,0,16.662875091112955,0.0,0,247,away
14,1,0,1,21.86403852338307,93.42313846196234,0,11,day
7,6,1,0,21.668876570731527,100.0,0,10,day
11,4,0,1,22.28752318696956,68.98774007368564,0,7,day
17,3,0,1,21.52311195774476,71.16841444702693,0,5,day
0,5,0,0,17.400683688005934,0.0,0,286,away
14,4,1,1,21.32897675174076,83.81740228047818,0,20,day
15,1,1,0,22.11493251227976,77.70045528560635,0,23,day
11,0,0,0,22.1877026626963,65.41362732046304,0,8,day
8,2,1,1,22.637342333370697,90.13225726402058,0,9,day
22,6,0,1,21.774384555546785,15.941604642863405,1,16,movie
6,3,0,0,17.514836903978765,0.0,0,468,away
22,3,1,1,21.599280610122403,13.280113273549297,1,1,movie
16,3,1,0,21.98733120241423,65.65642229906301,0,26,day
0,6,0,0,17.11463741891757,0.0,0,170,away
16,0,1,0,22.528175709009624,82.69823420916438,0,15,day
23,1,0,0,20.833284383623614,11.652258140073368,0,79,night
14,2,0,0,22.346566969365544,68.32204440268563,0,5,day
6,3,0,0,15.957053788372606,0.0,0,425,away
17,6,1,1,21.97130681537854,86.09685738518822,0,11,day
12,6,0,0,23.22862819221396,73.69863806888362,0,27,day
15,6,0,1,22.519403563493682,73.79116793449141,0,29,day
14,6,0,1,22.532496891049302,68.51317691471324,0,3,day
12,5,1,0,22.084103593836822,75.36994984163223,0,14,day
22,6,0,1,22.513035985076765,15.514493567809955,1,2,movie
16,3,1,0,22.796330762086754,78.08665898963983,0,27,day
15,1,1,0,21.80302536452171,85.0406494930026,0,15,day
16,0,1,0,22.6552368123926,76.23864421189582,0,27,day
12,1,1,0,21.802288666717978,74.73762992726735,0,17,day
15,6,1,0,22.106076853370944,73.6231636159472,0,9,day
11,1,1,0,21.88159986615654,87.3582984885013,0,3,day
0,0,0,0,17.49061389824264,0.0,0,309,away
2,5,0,0,17.502152984363104,0.0,0,160,away
5,3,0,0,17.725494428125888,0.0,0,354,away
10,0,0,1,22.804379440414866,70.28550429071736,0,28,day
3,0,0,0,16.53588514161606,0.0,0,282,away
2,6,0,0,16.554244138779715,0.0,0,162,away
8,4,1,1,21.638988685680932,84.10949125018956,0,5,day
21,0,1,1,22.565693380979155,17.683183836047952,1,19,movie
9,4,1,0,24.061131482246918,74.7732377888528,0,13,day
2,3,0,0,17.297442800039875,0.0,0,434,away
20,1,0,1,23.285965072620836,20.48976418703786,1,12,movie
20,1,0,1,22.61640184463443,14.176469647888299,1,7,movie
18,0,0,1,22.05172858244685,15.76319010509712,1,6,movie
23,5,0,0,19.499487746590926,9.223918482888756,0,24,night
17,6,0,0,22.057192966272073,65.20423279662748,0,6,day
9,5,1,0,23.45850636842674,58.38183039063802,0,24,day
9,0,0,0,22.932883320124542,76.78228814356837,0,18,day
6,2,0,0,17.704360954451044,0.0,0,272,away
8,4,1,1,21.34000994446315,93.86178490257228,0,8,day
0,6,0,0,16.89897038480352,0.0,0,448,away
6,0,0,0,17.11192810600765,0.0,0,357,away
6,6,0,0,16.951360563861382,0.0,0,356,away
15,2,1,0,22.29881257189183,73.51576792028966,0,26,day
6,3,0,0,16.352106122475305,0.0,0,204,away
14,4,1,0,22.21814793891357,73.55813080898331,0,28,day
4,0,0,0,17.24890349930808,0.0,0,210,away
1,4,0,0,17.47533996824214,0.0,0,332,away
18,5,1,1,22.00446593655535,19.532052601806736,1,0,movie
11,4,1,1,22.086678690417312,84.07097115654962,0,22,day
5,3,0,0,17.45874070206002,0.0,0,446,away
5,0,0,0,17.738575940364576,0.0,0,243,away
6,0,0,0,17.01388242685685,0.0,0,204,away
2,2,0,0,17.684569119572995,0.0,0,218,away
7,4,1,1,22.605450468207188,91.74729055533018,0,5,day
2,6,0,0,17.050512454895028,0.0,0,331,away
22,5,1,0,22.061737041746166,59.53956270027265,0,1,day
20,6,0,1,22.25594795602462,26.29780557923783,1,0,movie
8,1,1,0,21.53163096982835,90.52870444333203,0,1,day
9,3,1,0,23.34859524516227,73.46771297382553,0,26,day
11,2,1,0,22.632997175885695,86.83730780607374,0,22,day
13,5,1,0,22.702153671374475,71.65041500863855,0,15,day
21,4,1,1,22.35136194874792,60.58339913373706,0,10,day
23,0,0,0,19.594336123143915,11.720679478092906,0,116,night
5,1,0,0,17.756292070440484,0.0,0,388,away
6,3,0,0,17.25635766341685,0.0,0,121,away
20,6,1,1,22.743019446757575,21.85871757665447,1,6,movie
19,6,1,1,21.8688427372095,14.38218709481582,1,20,movie
1,2,0,0,16.918892257734473,0.0,0,425,away
2,6,0,0,17.082263568354403,0.0,0,218,away
19,5,0,1,22.709731736407477,20.434729651655154,1,6,movie
0,3,0,0,16.963641543967146,0.0,0,378,away
10,3,1,0,22.195094515846005,71.46448422694384,0,5,day
20,6,0,1,22.165848289357296,17.91316616044919,1,5,movie
0,2,0,0,17.051616931434893,0.0,0,192,away
21,6,1,1,22.484948846827706,16.89500645914402,1,13,movie
14,0,0,0,22.603637627098646,77.46131640956948,0,15,day
2,6,0,0,17.28446006277381,0.0,0,373,away
1,2,0,0,17.06548890202321,0.0,0,375,away
19,4,0,1,20.947230360895507,15.822712830909003,1,4,movie
7,0,1,0,21.469138200905928,85.9509171137116,0,6,day
23,4,0,0,19.972660884655216,8.943373328695467,0,85,night
3,4,0,0,16.69234791290246,0.0,0,315,away
18,1,0,1,22.05900487656456,10.109183103224659,1,8,movie
22,1,0,1,22.52555474115609,71.59147219800683,0,0,day
8,1,1,1,22.286870146715668,84.64458139963004,0,3,day
1,0,0,0,16.740908942768673,0.0,0,479,away
21,4,0,1,21.931144279609715,10.289915457133013,1,0,movie
0,5,0,0,16.541093403415413,0.0,0,235,away
8,0,1,0,22.3326396858496,92.51681093765063,0,10,day
14,3,1,0,22.859611045372592,85.19412791740099,0,0,day
6,5,0,0,16.06168470299864,0.0,0,243,away
11,5,1,1,23.14283699817046,61.498206297897376,0,1,day
2,2,0,0,16.543513901775672,0.0,0,285,away
10,1,1,0,22.58992678409554,82.79402424726602,0,19,day
20,6,0,0,20.48287760868339,52.34444520808717,0,8,day
12,4,1,1,22.124354678178054,69.42313891207532,0,2,day
3,2,0,0,16.9054934219876,0.0,0,273,away
7,0,1,1,21.796281826677205,77.55808260799347,0,7,day
19,3,0,1,21.394498103142546,57.028906870500585,0,14,day
21,4,1,1,21.32593335259777,56.333778653461735,0,19,day
0,6,0,0,16.296075894585403,0.0,0,154,away
8,4,1,1,20.825480715541037,85.31921556316678,0,2,day
0,3,0,0,16.94331276178247,0.0,0,217,away
14,6,1,1,21.811790026829122,76.37722896682239,0,8,day
9,6,1,0,21.83363556222022,70.75817093744998,0,7,day
15,2,1,0,22.95956017593409,84.83351637758793,0,8,day
9,0,1,1,21.393415725884623,74.54338926802565,0,10,day
12,2,1,0,20.700041565550563,65.1830028231708,0,8,day
9,0,1,1,22.248918167538893,75.67608723218562,0,11,day
2,3,0,0,16.763955819137024,0.0,0,377,away
18,1,1,1,22.196249468500806,15.169906815984216,1,17,movie
3,4,0,0,17.20386030528251,0.0,0,303,away
18,6,1,1,21.820972860394658,16.184969060949015,1,3,movie
7,3,1,1,21.709388280604045,86.07010990814821,0,8,day
12,0,1,0,22.055597832818567,70.33001664058759,0,29,day
1,2,0,0,16.762737397064768,0.0,0,382,away
12,2,1,1,21.203404866595786,84.19406120864795,0,5,day
8,4,1,0,21.25307642935128,90.5382158483824,0,8,day
13,2,1,0,21.11373257738501,95.66868642912667,0,17,day
18,3,1,0,21.76761411454763,56.65291944307261,0,6,day
1,1,0,0,16.635637114320016,0.0,0,349,away
21,6,0,0,22.89637140041766,54.86058656233251,0,20,day
1,4,0,0,16.84088183766977,0.0,0,200,away
13,1,0,0,21.288980911476006,62.158765729914705,0,14,day
9,2,1,1,21.54820766527111,90.93301562125755,0,4,day
5,0,0,0,16.90069858694713,0.0,0,420,away
21,2,0,1,21.456382339205824,16.842660046988062,1,1,movie
16,0,1,0,21.728815444418558,93.35022999773875,0,9,day
10,0,1,0,21.905882331913187,72.56271328462145,0,10,day
17,4,1,1,21.95708620059489,77.84255222404553,0,2,day
19,5,1,1,20.944092420124246,59.62917037935387,0,24,day
6,4,0,0,17.44876442762965,0.0,0,472,away
1,5,0,0,17.18393212258593,0.0,0,195,away
2,0,0,0,17.44406164635307,0.0,0,331,away
0,6,0,0,16.309213805769414,0.0,0,337,away
9,2,1,0,21.37809392087271,81.95747906711716,0,20,day
19,1,0,1,21.215754283238805,71.78579476511577,0,19,day
13,4,0,0,22.124632070316324,81.25072040862067,0,1,day
15,0,1,0,21.978472025118712,82.960047866482,0,8,day
11,3,1,1,22.16160860662286,80.88910011757804,0,3,day
7,0,1,1,22.573305705381788,93.30270976757177,0,10,day
6,4,0,0,16.87987281073557,0.0,0,136,away
16,0,1,1,22.171393391031675,93.68425328513845,0,28,day
22,3,0,1,22.01487537232943,16.943982030928815,1,17,movie
17,6,0,0,21.459298632124433,91.56894600097432,0,22,day
9,0,1,0,23.121544229545577,72.34068272952852,0,30,day
13,0,0,1,21.826307498086305,83.44408733697715,0,11,day
10,2,1,0,22.239101439818537,95.20900822086021,0,25,day
13,5,1,1,21.91367602263308,86.50533649906501,0,23,day
19,0,1,0,22.445953217880923,53.92812108805521,0,1,day
23,3,0,0,19.815202799058294,9.09995194941319,0,44,night
4,4,0,0,17.099022793875516,0.0,0,148,away
0,3,0,0,16.977988813443883,0.0,0,140,away
1,1,0,0,16.753457178693957,0.0,0,210,away
12,5,0,0,22.36385646337893,87.72112927476695,0,24,day
12,5,0,0,21.372861513838735,73.63394475551671,0,0,day
21,5,1,1,22.073754654966542,55.8418243939712,0,11,day
22,6,0,1,21.60480567315889,20.971309359822214,1,10,movie
9,3,1,0,20.602820797705604,45.37131876825693,0,0,day
19,2,1,1,21.84896258358531,25.549363785023786,1,1,movie
6,4,0,0,16.8321664629396,0.0,0,340,away
19,0,1,1,23.11975143982187,19.91312280292071,1,10,movie
15,1,0,0,22.02650136095363,80.81174088674538,0,3,day
0,1,0,0,17.058750069248727,0.0,0,155,away
23,6,0,0,20.463520344253606,8.59772764431676,0,117,night
11,2,0,1,21.674496027586144,71.13577626800772,0,1,day
3,0,0,0,16.317561223912897,0.0,0,258,away
21,0,0,1,21.88763412289334,18.649624203370905,1,1,movie
6,1,0,0,16.985461550533238,0.0,0,142,away
3,5,0,0,16.579529621093165,0.0,0,308,away
22,2,0,1,21.946132800071588,50.37119828083638,0,11,day
9,3,1,0,23.014402550399883,68.66881668717404,0,23,day
19,1,1,1,21.926425654934473,78.62244269141273,0,21,day
5,1,0,0,16.76283839426829,0.0,0,473,away
7,2,1,1,21.378758978715638,86.57861464532024,0,5,day
21,4,0,1,22.701978026775006,12.309565606093523,1,16,movie
0,5,0,0,16.98792605714166,0.0,0,242,away
19,4,1,1,21.621485217074767,18.820924366811912,1,20,movie
13,1,1,0,23.06464606694401,71.62204501628133,0,10,day
1,3,0,0,16.78089454866125,0.0,0,335,away
21,4,1,1,22.079912833143442,61.09006645002794,0,9,day
7,6,1,0,22.179666885729233,96.29512385444936,0,9,day
7,5,1,0,22.275582585389465,92.23828087854751,0,5,day
10,4,1,1,22.572750966537033,68.79651962640652,0,17,day
3,3,0,0,17.689235957909005,0.0,0,204,away
19,1,0,1,22.15014671872059,23.777374808373725,1,16,movie
20,3,0,1,22.712539666312722,13.325460456042512,1,15,movie
5,3,0,0,17.57770015856095,0.0,0,130,away
23,5,0,0,20.787690326728864,5.834089160555527,0,76,night
20,6,1,1,21.388997806520102,13.648591850132298,1,3,movie
13,2,0,1,21.47217971649081,70.72190853640106,0,24,day
11,3,1,0,22.61772447710165,86.82421451616949,0,5,day
15,5,1,1,21.32356481641683,67.09391702992414,0,11,day
14,2,1,1,22.62422443505814,59.948667985415824,0,7,day
1,0,0,0,16.929738878344057,0.0,0,265,away
15,2,1,0,21.964021231786713,77.51881483289291,0,21,day
13,0,0,0,22.256706896020543,77.24015318605605,0,15,day
6,4,0,0,16.75984702843346,0.0,0,152,away
8,2,1,1,22.545783258224382,95.74534871583644,0,3,day
23,2,0,0,20.20264236387178,8.639099945745668,0,52,night
14,4,0,0,21.472178648880774,81.56559128093323,0,15,day
20,0,0,1,22.475111879248725,42.78202348301091,0,11,day
4,1,0,0,17.056438152864857,0.0,0,309,away
12,4,1,1,22.79843075022382,81.19070712921813,0,24,day
23,6,0,0,20.360431536095064,5.388499748463475,0,47,night
18,4,1,1,22.43054512880129,54.492168713073646,0,24,day
13,0,0,0,22.76156558478094,54.359231285269296,0,8,day
3,6,0,0,17.164220654023318,0.0,0,425,away
18,6,0,1,22.590613382207497,8.885243986218573,1,12,movie
16,3,1,1,22.401926534565586,88.27451296808655,0,10,day
1,5,0,0,17.35029638550438,0.0,0,439,away
22,3,0,1,21.682382984438835,21.351413395472548,1,6,movie
15,2,1,0,21.871932946641465,79.30387755655981,0,28,day
21,1,0,1,22.08987143781398,69.91327998736348,0,12,day
17,1,1,1,22.117531804264125,80.18449368984922,0,22,day
4,6,0,0,17.232941042946848,0.0,0,459,away
2,2,0,0,17.39610659908198,0.0,0,327,away
4,2,0,0,17.07443315747612,0.0,0,166,away
19,5,0,1,21.195315306220728,64.85833779989156,0,3,day
9,4,1,0,22.166094631565823,81.16414282754405,0,10,day
12,5,1,0,22.21129505794863,77.47958465424792,0,14,day
5,2,0,0,16.830672180401393,0.0,0,164,away
9,5,1,1,24.17631246502089,80.21013302460553,0,19,day
0,3,0,0,17.337074881590905,0.0,0,193,away
1,5,0,0,16.915615088251727,0.0,0,133,away
23,6,0,0,20.226560541063698,10.945978874898415,0,55,night
10,0,1,1,22.280842826110533,94.01642604346506,0,8,day
6,4,0,0,17.084793019908645,0.0,0,456,away
21,1,1,1,22.110593242670582,16.335659514933884,1,13,movie
11,1,0,1,22.59786742863944,77.67153287584841,0,0,day
8,5,1,1,21.759556773152436,85.94487490780368,0,5,day
14,1,0,0,22.4666360421466,74.92499845569274,0,25,day
17,1,1,0,21.93530535183273,78.52264264003432,0,4,day
17,6,0,1,22.626081811725925,66.93688507049495,0,25,day
18,3,1,0,21.550541831296663,70.04326168389314,0,23,day
7,3,1,1,21.293985499541733,92.99770724573611,0,4,day
10,2,1,1,21.88537399983721,67.8503069333398,0,10,day
12,0,0,0,22.22389906093388,72.99884907014987,0,15,day
5,6,0,0,16.833802934304323,0.0,0,214,away
3,1,0,0,16.408346978343296,0.0,0,440,away
20,6,1,1,22.325369713828614,17.737813832868152,1,18,movie
4,2,0,0,16.926835683924917,0.0,0,199,away
13,5,0,0,21.63771047609212,85.18232526533448,0,0,day
19,5,1,1,22.090467473424283,69.36397674741404,0,11,day
4,0,0,0,17.735098252314703,0.0,0,436,away
5,0,0,0,17.439507048945188,0.0,0,311,away
4,0,0,0,16.063322783657423,0.0,0,222,away
3,5,0,0,17.186670719232307,0.0,0,369,away
23,3,0,0,19.799471922912687,7.0620940886516035,0,32,night
13,4,0,1,22.261254374932847,72.93989876903191,0,30,day
2,3,0,0,17.556573271702124,0.0,0,249,away
10,6,0,0,22.87881429135199,71.79742102299765,0,22,day
1,5,0,0,16.784024328562904,0.0,0,356,away
8,2,1,1,22.107974968574037,99.17495303231424,0,7,day
7,1,1,1,21.06951169632243,90.76134803923773,0,4,day
12,5,0,1,22.048043034204714,68.59825895705772,0,5,day
13,5,0,0,22.225660539184776,60.38402954873471,0,1,day
0,1,0,0,16.841413647181398,0.0,0,219,away
14,2,0,1,21.68943406571306,74.06786979241807,0,5,day
10,3,1,1,22.065047827496404,73.54932428406634,0,16,day
12,1,1,0,21.84070419272593,70.44828275650246,0,28,day
9,1,1,1,22.39436378525161,57.85238251324803,0,13,day
23,1,0,1,19.88802886951886,7.28776962593879,0,95,night
22,2,0,1,21.75838464601727,17.936884318508156,1,11,movie
17,4,1,0,20.6640500602185,64.71996791556475,0,5,day
16,5,1,0,23.032632761802553,82.72987424164478,0,9,day
1,4,0,0,17.45869784217988,0.0,0,372,away
18,3,0,1,21.82160410465212,70.68838877806961,0,14,day
8,0,1,1,21.283510387150734,80.62033307045066,0,5,day
13,5,0,1,22.53374348098397,57.42613166285085,0,23,day
2,1,0,0,17.212960522495145,0.0,0,261,away
6,2,0,0,17.548318624305537,0.0,0,341,away
12,2,1,1,21.579443484515927,77.47490654432939,0,25,day
5,4,0,0,16.462898420286997,0.0,0,292,away
13,6,1,1,22.941287158478488,75.59083838226607,0,9,day
7,6,1,1,22.031433411127452,96.09590829070403,0,6,day
16,6,1,1,21.674328700980517,73.95012606400874,0,28,day
21,6,1,1,21.32673539343293,16.9738977706296,1,20,movie
21,6,0,0,21.81918711798758,65.57064705121373,0,0,day
14,0,1,1,21.45862554040279,74.91879161783079,0,20,day
0,5,0,0,16.46305826501352,0.0,0,126,away
3,1,0,0,16.02357735251116,0.0,0,326,away
3,6,0,0,16.694332896846312,0.0,0,405,away
23,2,0,1,20.618850511817108,6.037339878499726,0,49,night
10,0,0,0,21.8504699139911,48.31126778535638,0,11,day
22,6,0,1,21.764638038874246,21.69461662147565,1,0,movie
23,0,0,0,19.699066065013273,8.412266205052825,0,119,night
0,6,0,0,17.085725394368602,0.0,0,170,away
1,2,0,0,17.080159800192117,0.0,0,236,away
10,5,0,0,22.001480158917335,74.33401692350382,0,27,day
19,2,0,0,21.40968959461629,42.50965403498455,0,7,day
10,0,1,1,22.904137406253362,67.3844111912219,0,16,day
21,6,1,0,22.005555371810562,69.97941069458945,0,1,day
8,0,1,1,20.631629311821307,81.36536622870815,0,6,day
13,3,1,0,23.081742417456905,70.24980303545586,0,11,day
17,4,1,1,22.107451903562342,86.4926834888581,0,30,day
16,4,1,0,21.959860314056485,84.39709936559967,0,25,day
4,5,0,0,17.31553828526091,0.0,0,478,away
18,1,0,1,22.61219823996439,20.54204177808133,1,2,movie
16,6,1,1,21.85563590178035,85.61027676619906,0,13,day
15,4,0,1,22.402963334296327,80.6528987539834,0,15,day
8,3,1,1,21.717172093687925,80.00729542354082,0,2,day
21,3,0,1,21.76471939924336,61.759018904186924,0,25,day
16,5,1,0,20.896681116086647,70.45207323208342,0,1,day
0,0,0,0,17.09219585737194,0.0,0,272,away
22,1,0,1,21.62562100619017,14.907626019379679,1,4,movie
2,1,0,0,17.120391709775262,0.0,0,328,away
1,3,0,0,17.38418203098867,0.0,0,453,away
15,0,1,1,21.298235347651655,49.61721923708892,0,13,day
8,4,1,1,22.03775116657594,84.85040491147193,0,2,day
5,1,0,0,17.16835160786895,0.0,0,218,away
0,3,0,0,17.687496063899644,0.0,0,391,away
18,3,0,1,22.21070545352427,19.81224442357721,1,9,movie
19,5,1,1,21.902048212503512,14.100870364605388,1,7,movie
3,5,0,0,16.76519024357318,0.0,0,356,away
3,2,0,0,17.637000653468917,0.0,0,145,away
19,3,1,1,22.24249903638341,61.07147795006925,0,10,day
18,3,0,0,22.665198900726953,56.176787681812534,0,22,day
15,0,0,0,21.98768878747809,71.07783146824391,0,8,day
14,5,1,0,22.95956615048916,81.54391335173634,0,8,day
8,3,1,1,22.02654003734388,87.91518844473623,0,6,day
16,1,1,1,23.006642983254146,75.80339812914913,0,8,day
23,6,0,1,19.28535247194813,11.233265312323214,0,88,night
16,6,1,1,21.488955574018046,95.763887368312,0,20,day
4,3,0,0,17.047368128574607,0.0,0,375,away
4,2,0,0,16.982068446267917,0.0,0,450,away
5,1,0,0,16.566903874441618,0.0,0,256,away
10,4,0,0,21.310697700671685,84.5148812691387,0,0,day
12,5,1,0,21.50060319605657,94.47809711449605,0,5,day
21,6,1,1,22.589982869728793,15.90048596743184,1,18,movie
8,4,1,1,22.21606608072856,86.46990608404083,0,5,day
16,2,0,1,22.10045408693935,79.29317731945434,0,21,day
16,4,1,1,22.08640780645926,72.96943814634312,0,7,day
8,6,1,1,21.609246990148144,85.10947211581248,0,10,day
7,3,1,0,22.131106690953192,85.53866203486288,0,2,day
10,1,0,1,21.400681372025392,67.76304023428666,0,11,day
2,2,0,0,16.11921256154432,0.0,0,370,away
10,2,1,0,20.398963294866398,60.70613934191721,0,28,day
21,2,0,1,21.445979726776915,16.347654449356426,1,5,movie
2,3,0,0,17.09230911798211,0.0,0,283,away
5,0,0,0,16.751441291310385,0.0,0,373,away
16,5,1,1,22.120322128235603,69.05486496930229,0,9,day
4,2,0,0,17.08387305372358,0.0,0,207,away
1,5,0,0,17.414431180229915,0.0,0,434,away
0,4,0,0,16.486982148118404,0.0,0,165,away
7,0,1,1,21.598557021412184,83.50062981171799,0,9,day
0,6,0,0,16.952203235824,0.0,0,135,away
20,0,1,1,22.122030112990885,20.01326945621675,1,0,movie
23,3,0,0,19.81195429769245,6.723549100499495,0,115,night
17,4,1,1,21.834990839980527,87.79362312693078,0,8,day
16,3,1,0,20.747293285566485,72.98086785583084,0,20,day
21,2,1,1,21.618209381448036,52.761019120113176,0,9,day
8,4,1,0,21.44960369454053,83.66195474366079,0,6,day
8,1,1,1,22.360502203458154,87.36410920006728,0,1,day
8,6,1,1,22.07466895922325,75.60313116987311,0,10,day
22,6,0,1,22.22452306447784,51.32576319331714,0,14,day
15,4,0,0,23.104061155271136,66.22639380307048,0,12,day
6,1,0,0,16.825406208653995,0.0,0,199,away
0,1,0,0,16.76057653083813,0.0,0,370,away
1,3,0,0,16.181428120180648,0.0,0,407,away
4,1,0,0,16.909261309320616,0.0,0,344,away
3,1,0,0,17.24891812242335,0.0,0,135,away
5,0,0,0,16.724531183870948,0.0,0,344,away
17,2,1,0,20.980840085973778,75.86776424151442,0,22,day
22,0,0,1,21.729172870300552,10.255242558962038,1,8,movie
6,6,0,0,16.61876985390801,0.0,0,337,away
20,5,1,1,22.277032418222934,12.222082635388437,1,14,movie
16,0,1,0,21.875724914382744,73.58362382837629,0,4,day
19,4,1,1,21.867649959225236,62.773505248204906,0,13,day
11,3,1,0,22.059040880227226,64.84066141408628,0,15,day
23,2,0,0,19.866138856927357,8.290472655289033,0,110,night
10,6,0,0,21.955795407408342,87.71524509184778,0,20,day
22,5,1,0,22.621265197005904,53.04473244116263,0,17,day
12,0,1,1,21.373913399435718,62.3584614123631,0,20,day
22,6,1,1,22.13579240392294,52.53063372465679,0,14,day
9,3,0,0,20.54991090479691,82.48755297883865,0,17,day
17,0,1,1,22.79745949899812,77.53797680536202,0,20,day
4,4,0,0,16.57515715649716,0.0,0,328,away
15,4,1,0,21.94077627629353,96.69371151628889,0,6,day
18,3,0,1,22.595835717812317,13.251210404130532,1,0,movie
14,4,1,1,22.206673981728695,52.139585276359306,0,11,day
18,3,1,1,22.497515389192003,20.306720936519643,1,0,movie
9,4,1,0,22.947115592261238,97.18209812430197,0,26,day
5,6,0,0,16.844609269752716,0.0,0,298,away
16,6,0,0,22.816562616840702,64.98585788819216,0,12,day
0,4,0,0,16.590309891560782,0.0,0,262,away
7,6,1,0,21.717254902684566,83.28090931600552,0,7,day
4,3,0,0,16.976199788685307,0.0,0,279,away
22,2,0,1,21.996476729732258,20.848925224528188,1,3,movie
0,2,0,0,17.207364785013866,0.0,0,471,away
5,2,0,0,16.76803766907523,0.0,0,282,away
2,3,0,0,17.024390616973466,0.0,0,411,away
5,3,0,0,16.409529290675252,0.0,0,473,away
14,1,1,1,22.572930456275923,75.95821206587341,0,16,day
19,6,0,1,21.632247146178482,12.711464407666803,1,19,movie
17,0,1,0,21.88427661672352,84.45984179756792,0,13,day
1,5,0,0,16.702831692836387,0.0,0,310,away
5,6,0,0,17.22995676716557,0.0,0,385,away
4,3,0,0,15.985427998020798,0.0,0,390,away
5,4,0,0,16.895269122745702,0.0,0,395,away
6,6,0,0,16.56075905876427,0.0,0,423,away
8,4,1,1,21.858918037758816,91.50080875979089,0,1,day
17,6,0,0,21.195032211014787,72.47698353289876,0,3,day
8,5,1,1,21.409772937745668,76.2743716794725,0,9,day
4,6,0,0,16.34495227882232,0.0,0,460,away
9,2,1,0,21.75996339919317,70.59102309737203,0,28,day
21,0,1,1,22.272814303461708,61.604553108534795,0,20,day
10,5,1,1,22.22530421948469,71.86384147649292,0,21,day
8,5,1,1,21.788863360682768,89.90510907101739,0,6,day
3,5,0,0,16.333170834990668,0.0,0,336,away
12,1,1,0,20.88447609527735,60.58338655417374,0,16,day
6,6,0,0,16.562985606491154,0.0,0,393,away
5,1,0,0,16.927017636108854,0.0,0,244,away
13,3,1,1,22.245437014841045,80.6085084629967,0,24,day
16,3,1,1,23.23782767444954,69.88404191620882,0,30,day
5,4,0,0,17.19564573449722,0.0,0,189,away
1,6,0,0,17.002946375140148,0.0,0,442,away
5,4,0,0,17.14320097367765,0.0,0,221,away
9,5,0,0,21.979380227252204,77.39834095014982,0,7,day
2,6,0,0,18.062723796588,0.0,0,299,away
14,2,1,0,21.4079192100135,80.2592229798611,0,24,day
20,6,0,1,21.88207145748292,22.863317438988354,1,19,movie
4,2,0,0,16.254359187139144,0.0,0,127,away
20,1,1,1,21.157314067591653,19.6194891468763,1,14,movie
8,5,1,0,21.37517948243206,94.92839261527098,0,7,day
18,4,1,1,22.649485831220435,48.275954750568786,0,3,day
9,5,1,0,22.766970915101528,85.15268386646545,0,25,day
4,1,0,0,17.052782920531694,0.0,0,410,away
16,1,0,0,22.70567029470382,59.727921934495726,0,5,day
14,6,1,0,23.18515810551222,71.25915218053032,0,9,day
12,4,1,1,22.41870939556371,47.03005274342725,0,20,day
6,2,0,0,17.440343189352514,0.0,0,249,away
4,3,0,0,17.352879055977272,0.0,0,175,away
11,2,1,1,22.269487609753256,69.67629613584178,0,18,day
20,0,0,1,21.523112980317457,23.10789464300065,1,14,movie
1,0,0,0,17.131433736609456,0.0,0,271,away
22,6,0,1,22.715522771953975,65.66819243287853,0,17,day
20,3,0,1,21.565694204778858,17.763273708359133,1,13,movie
8,5,1,1,21.433565308385706,82.06146528555507,0,4,day
12,3,1,1,22.160612073084252,86.35989473385922,0,19,day
4,1,0,0,16.839027648839334,0.0,0,264,away
1,2,0,0,18.610329617090905,0.0,0,159,away
11,5,1,1,22.071773859631616,70.65399759732867,0,0,day
22,0,0,1,21.920583641765873,13.166880221336559,1,12,movie
11,5,1,0,22.81541201054008,51.74091595065331,0,23,day
2,6,0,0,16.955818395476914,0.0,0,228,away
7,2,1,1,22.16358462484014,85.19006576011505,0,0,day
8,6,1,0,21.123833490381802,92.53161494542238,0,10,day
0,0,0,0,16.786962799631425,0.0,0,316,away
18,6,1,1,22.56025235374119,66.8807161141286,0,20,day
11,2,1,1,21.62298360074784,82.44734291509046,0,5,day
6,4,0,0,16.580170069386018,0.0,0,253,away
2,0,0,0,17.60395450183084,0.0,0,264,away
11,1,1,0,22.787957465818312,63.12882843432225,0,6,day
12,2,1,1,22.58062779269745,79.92257077071149,0,19,day
9,6,0,1,22.4098396899683,65.81386141600592,0,3,day
16,5,0,1,22.08097203444084,70.25533049644662,0,3,day
11,3,1,0,23.512024896559122,86.77267903716688,0,9,day
18,3,0,1,21.656499633043047,15.121812364167472,1,7,movie
21,2,1,0,21.558878101933473,58.72262333742015,0,10,day
10,4,1,1,22.450908816952058,81.45663722743978,0,15,day
8,2,1,0,22.67902734765673,81.58069651851245,0,6,day
13,0,1,1,22.53698332328462,70.41335772956467,0,20,day
0,3,0,0,16.74756021998235,0.0,0,380,away
18,6,1,1,21.048804688654485,63.97829894400532,0,25,day
16,6,0,1,21.525826638270008,76.75804557959252,0,21,day
16,6,1,0,22.555080611358605,65.95052560799706,0,21,day
7,5,1,0,21.250164645995596,81.39993907750326,0,0,day
2,1,0,0,16.498468183018836,0.0,0,221,away
12,4,0,1,22.743606256542364,71.79155153994726,0,17,day
5,3,0,0,16.730941539524203,0.0,0,468,away
4,0,0,0,17.180892299658364,0.0,0,283,away
21,3,0,1,21.686867563661107,61.85550006902871,0,16,day
4,1,0,0,17.079343666927535,0.0,0,365,away
7,0,1,1,22.53583665033544,88.91449276935253,0,3,day
3,3,0,0,17.08973618217711,0.0,0,226,away
2,2,0,0,16.545271430994628,0.0,0,406,away
14,0,1,0,22.099922720344274,70.72963767936385,0,9,day
22,2,1,0,21.996854733067575,62.195484555153676,0,23,day
8,5,1,1,21.77711896752843,88.77979775269598,0,0,day
12,4,1,1,21.99470859869975,82.66618628962837,0,16,day
19,0,1,1,22.307067762058352,22.5237511850201,1,1,movie
6,5,0,0,16.874273028306547,0.0,0,412,away
19,1,1,0,21.71309869059351,58.561142045653774,0,20,day
1,2,0,0,16.59750334013151,0.0,0,408,away
8,1,1,0,22.034460825920526,86.84820554522507,0,9,day
14,4,1,0,21.67562468992627,75.27142944573055,0,16,day
22,0,1,1,21.600724632619833,64.53126306137284,0,7,day
13,4,0,0,22.576855096899095,70.92808356869152,0,7,day
18,3,1,1,21.496517285988688,55.14266331084791,0,25,day
13,0,1,1,22.517132090129,82.96918662452961,0,3,day
8,0,1,0,22.137361030625122,84.60887183061469,0,10,day
17,5,1,1,21.735002171154452,84.64388942678931,0,8,day
0,5,0,0,17.898227770135676,0.0,0,413,away
2,1,0,0,17.510191594309806,0.0,0,462,away
3,1,0,0,17.466618682298883,0.0,0,326,away
0,2,0,0,17.601280565612274,0.0,0,233,away
20,2,0,1,21.706899661710512,10.715417660449962,1,15,movie
15,2,1,0,21.343977933000314,78.38355093278572,0,18,day
19,1,0,1,20.706178895754555,42.52522654137662,0,24,day
20,1,1,1,21.850775537254947,21.494296809945457,1,5,movie
19,4,0,0,21.636903627004063,62.346566973484066,0,11,day
22,1,1,1,22.691981283084278,17.32723181909219,1,11,movie
10,4,1,0,22.216613172645644,95.23330679206458,0,18,day
8,3,1,1,21.407489797366566,86.72296713744598,0,1,day
0,3,0,0,17.073803421489114,0.0,0,258,away
20,2,0,1,21.629737294374852,17.09710722792146,1,9,movie
15,2,1,0,21.796926660013515,80.98658409621002,0,11,day
23,3,0,0,20.463638577637674,8.214524843540865,0,85,night
20,1,0,1,22.054973446073813,11.346410350627025,1,13,movie
2,6,0,0,17.315806430941926,0.0,0,348,away
9,4,1,0,22.593213060869402,72.96750970589486,0,4,day
4,4,0,0,17.409363910979316,0.0,0,365,away
19,0,0,1,22.116213807030757,22.771410859810835,1,4,movie
12,2,1,0,23.23404645416298,88.01730031039551,0,16,day
15,1,1,0,22.09621707224103,79.09397787548615,0,15,day
23,1,0,0,20.39079309227145,8.822452641244894,0,21,night
15,4,1,1,22.358248189404396,83.08793601905235,0,18,day
22,6,1,1,23.004903874485564,22.262627557920172,1,20,movie
15,3,1,1,22.033043976979453,79.29995353998959,0,28,day
23,2,0,1,20.15432738714879,7.933224289446053,0,112,night
11,4,1,0,22.628971134624,82.05932507646797,0,18,day
23,3,0,1,20.224413118807764,9.810350280385101,0,34,night
5,4,0,0,17.11912977699464,0.0,0,361,away
16,1,1,0,23.426374182727564,63.12609186884404,0,4,day
17,0,0,1,22.316551291892264,87.39971986062925,0,24,day
12,3,1,1,21.798490210176837,57.829129708798476,0,10,day
5,1,0,0,17.821600115388737,0.0,0,312,away
3,1,0,0,16.834787469994218,0.0,0,160,away
5,3,0,0,17.393856595333304,0.0,0,372,away
8,2,1,1,21.817575289695256,89.25831348560394,0,5,day
14,0,1,0,22.22988002071316,73.08007738573323,0,2,day
17,2,1,1,21.977892593627956,72.79046999283656,0,0,day
23,0,0,0,19.238839375162677,5.028402018578058,0,46,night
18,4,0,1,21.896341933652526,56.467374917216034,0,13,day
2,1,0,0,16.870309100029925,0.0,0,333,away
9,5,0,1,22.587785660031813,83.31401643718215,0,14,day
0,5,0,0,17.077536317764203,0.0,0,265,away
0,5,0,0,17.130207521135706,0.0,0,358,away
17,5,1,1,22.713497878863592,67.30824091269348,0,0,day
18,5,1,0,22.990687896939267,60.77008999815178,0,14,day
21,1,1,1,21.84725455617005,21.770220566040916,1,19,movie
14,0,1,0,22.1222708173294,71.06614531466789,0,3,day
2,5,0,0,17.441381281885004,0.0,0,156,away
13,4,1,0,22.274499139280028,76.31406787579843,0,2,day
1,4,0,0,16.71361043010977,0.0,0,302,away
10,1,0,1,21.082235071300605,80.1902060385798,0,24,day
13,6,1,0,23.20406038876254,57.94092430821179,0,2,day
15,2,0,0,22.936974694159876,81.99658874220358,0,10,day
13,5,1,0,21.748232520940054,67.7610845529875,0,10,day
3,2,0,0,16.943411562552047,0.0,0,267,away
22,1,1,1,22.07466551305119,16.862592733581767,1,16,movie
0,0,0,0,16.777589643710947,0.0,0,404,away
22,6,0,1,21.23042251263021,57.23708311036211,0,9,day
7,3,1,1,21.549579421735736,85.77550756036048,0,9,day
1,2,0,0,16.868623288438197,0.0,0,393,away
15,5,0,0,22.823141278447437,89.09060948279402,0,22,day
12,1,0,1,22.660405405617663,70.27524200865423,0,17,day
13,5,1,0,23.097892888607028,68.51267286184196,0,12,day
13,4,1,1,22.33000969719565,82.61491733924173,0,10,day
18,0,1,0,20.982383961777483,63.99455654683031,0,15,day
4,1,0,0,16.94755885761788,0.0,0,384,away
14,2,1,0,23.081852362791007,76.30069604113582,0,16,day
7,1,1,1,21.8696149608298,81.22343199585413,0,4,day
14,0,1,1,22.376195574691025,77.881216441955,0,2,day
11,4,1,0,22.143327511405094,73.59501041517606,0,11,day
0,5,0,0,17.014481055703932,0.0,0,229,away
1,4,0,0,17.032370093300866,0.0,0,172,away
17,1,1,1,20.48980553687918,72.73497803109474,0,29,day
6,4,0,0,17.08849181680025,0.0,0,312,away
0,2,0,0,17.558668188779276,0.0,0,402,away
16,5,1,1,21.41387016377002,70.3792812488988,0,17,day
7,6,1,1,21.651012058595303,87.03375831522348,0,3,day
4,5,0,0,17.32456615267189,0.0,0,241,away
22,5,0,1,21.318001457011476,12.44646279604057,1,5,movie
20,2,0,1,21.698928959680185,16.09322638014225,1,20,movie
6,4,0,0,16.808949878658172,0.0,0,313,away
4,6,0,0,16.461841894656924,0.0,0,291,away
9,4,1,1,22.94168638363736,70.14786497939812,0,23,day
6,5,0,0,17.56144279116004,0.0,0,418,away
9,4,1,1,22.005667785167645,85.56127914775055,0,10,day
15,5,0,1,22.391084047664634,64.14129769755063,0,9,day
22,4,1,1,21.926825138079764,16.996044717646555,1,2,movie
11,4,1,0,21.86599898465395,81.53540504971095,0,7,day
7,0,1,1,21.149201324444704,83.31410829309058,0,5,day
17,2,1,0,22.182023370960525,54.097641807321715,0,12,day
5,6,0,0,17.788195986193593,0.0,0,255,away
11,3,1,1,22.23314355557332,88.14683848892932,0,22,day
21,5,1,0,21.557375553307654,71.2533936716878,0,13,day
18,0,0,1,21.74726250900175,17.993268758020115,1,16,movie
12,5,1,0,21.19234575900643,58.73281847679576,0,17,day
12,1,0,1,22.281944710494848,75.35291405090223,0,28,day
4,5,0,0,15.91610810288762,0.0,0,171,away
0,2,0,0,17.17004125362537,0.0,0,163,away
20,2,0,0,22.65994253755504,68.1028496651884,0,12,day
11,0,1,0,22.926795116856084,87.58044696656121,0,26,day
16,4,1,0,22.085617518244824,72.48751081165759,0,0,day
5,6,0,0,17.665646443507843,0.0,0,200,away
15,0,0,0,21.886580184455223,94.83520630344044,0,12,day
14,6,1,0,21.930563024853246,75.11568123557723,0,0,day
19,6,1,1,22.209998375034996,16.89172277184584,1,0,movie
2,6,0,0,17.304586566075596,0.0,0,153,away
6,3,0,0,17.279803922583497,0.0,0,445,away
21,2,1,1,21.941202758074233,13.346435583619094,1,14,movie
14,0,1,1,21.951778211987506,60.95394771336067,0,9,day
15,2,1,0,21.854869037747527,84.0222239215514,0,8,day
20,2,0,1,22.635286869612305,69.87032326250855,0,24,day
13,6,1,0,23.360288639247404,61.83270465335866,0,8,day
8,2,1,1,21.20912243889769,97.1678270723381,0,6,day
1,2,0,0,16.84727953424913,0.0,0,166,away
16,1,1,0,22.736180126765664,70.79098438336766,0,22,day
22,2,1,1,21.061542011939633,20.19912104392877,1,18,movie
0,0,0,0,17.104698437886878,0.0,0,153,away
14,5,1,1,21.9001252415064,75.2852150633801,0,29,day
5,0,0,0,17.19731329335765,0.0,0,200,away
19,3,0,1,22.879207807246512,15.68776104050406,1,20,movie
12,1,0,0,22.550008239698762,88.69325318037832,0,14,day
12,3,0,1,21.682397808775765,97.09985414083363,0,22,day
11,5,1,0,22.3137305075485,85.99303699702206,0,14,day
23,4,0,0,19.250420877142695,10.56082191645732,0,98,night
20,6,0,1,22.185086252054255,64.30230533498474,0,9,day
5,4,0,0,16.5621178068455,0.0,0,135,away
17,0,1,1,21.498900051912404,82.9034016136918,0,13,day
19,4,1,1,21.65487141080481,21.555375115417714,1,14,movie
5,0,0,0,16.868490846131323,0.0,0,363,away
23,5,0,0,19.34366367870111,11.702694177504972,0,38,night
2,0,0,0,15.991416691761422,0.0,0,244,away
16,3,0,1,21.67750364138325,93.51979104662965,0,5,day
2,2,0,0,16.8331157323137,0.0,0,203,away
1,2,0,0,17.519320986375913,0.0,0,123,away
16,6,1,1,21.197259368832245,55.32986171198313,0,17,day
17,2,1,0,22.075096842774737,79.64041081113203,0,12,day
21,6,0,1,21.832311274163267,16.81962137639085,1,20,movie
10,2,1,1,21.40156053788354,75.29465783154834,0,3,day
23,3,0,0,20.02369035771382,9.414812970802336,0,94,night
14,3,1,0,22.316481759568504,54.459701786462944,0,6,day
3,2,0,0,17.51350479927948,0.0,0,324,away
6,2,0,0,16.103172511945733,0.0,0,289,away
3,3,0,0,17.29468355111199,0.0,0,467,away
7,2,1,1,22.512897736788627,88.04327477700181,0,10,day
9,1,0,0,22.26072921945435,77.03274362209144,0,7,day
10,0,1,0,22.91212226934339,100.0,0,0,day
18,5,1,1,21.385404078364463,57.0333209465079,0,4,day
